"date","DAX"
2000-01-04,-1.4641137802715
2000-01-05,-0.77164689074974
2000-01-06,-0.246959671403645
2000-01-07,2.76104354761994
2000-01-10,1.26273977974513
2000-01-11,-0.293322630901292
2000-01-12,0.189491957902976
2000-01-13,0.374736880817603
2000-01-14,1.83956283111865
2000-01-17,0.712055344929766
2000-01-18,-1.55389601410501
2000-01-19,0.162497653507764
2000-01-20,0.184747544049152
2000-01-21,-1.01247970031474
2000-01-24,-0.518254738308321
2000-01-25,-1.06057244970453
2000-01-26,1.38762580975183
2000-01-27,1.33136165710979
2000-01-28,-0.498061678351217
2000-01-31,-1.98193543582853
2000-02-01,1.85124965619652
2000-02-02,1.02327055217036
2000-02-03,1.50208746861605
2000-02-04,0.732174993253619
2000-02-07,-1.19867924763603
2000-02-08,2.04313307047233
2000-02-09,0.626406235589761
2000-02-10,0.627169638819114
2000-02-11,-0.758916504056161
2000-02-14,0.263256156636283
2000-02-15,-1.9719964138449
2000-02-16,0.758696710825702
2000-02-17,0.717904685758091
2000-02-18,-0.0502653405502202
2000-02-21,0.134871078616358
2000-02-22,0.139761455664007
2000-02-23,0.713277253116827
2000-02-24,-0.452119355748926
2000-02-25,0.76523794683094
2000-02-28,-1.17822867833894
2000-02-29,0.45321608806656
2000-03-01,0.650804975104483
2000-03-02,1.66312896960429
2000-03-03,0.110022059516199
2000-03-06,0.120988433011937
2000-03-07,0.667077961773695
2000-03-08,-0.577248296122649
2000-03-09,-0.280755133469759
2000-03-10,0.203946941541031
2000-03-13,-2.14761891736459
2000-03-14,-0.338023105932715
2000-03-15,-1.86516862694177
2000-03-16,1.35285358795253
2000-03-17,0.994442398465423
2000-03-20,1.24055128827451
2000-03-21,-0.488010227967966
2000-03-22,-0.0683165010872878
2000-03-23,-0.797613226133701
2000-03-24,1.81943989568708
2000-03-27,-0.298448946227866
2000-03-28,0.300633967565306
2000-03-29,-0.504960369546304
2000-03-30,-1.69045400684335
2000-03-31,-0.353571437966693
2000-04-03,-1.34959301475749
2000-04-04,0.750509177614218
2000-04-05,-1.54134497772379
2000-04-06,0.93607041105925
2000-04-07,0.609322504487789
2000-04-10,-0.0387594258438398
2000-04-11,-0.590231072448634
2000-04-12,0.00622699920537533
2000-04-13,0.0509805908122392
2000-04-14,-1.90513361160841
2000-04-17,-0.226712519997899
2000-04-18,0.0805810418696889
2000-04-19,0.170502876618949
2000-04-20,-0.485322512862363
2000-04-25,1.01685440056202
2000-04-26,0.882677163046901
2000-04-27,-1.36084917547208
2000-04-28,1.57756081260059
2000-05-02,1.12986365007627
2000-05-03,-1.42882566441049
2000-05-04,0.0820613988338256
2000-05-05,1.15685505533304
2000-05-08,-0.978371913029702
2000-05-09,-1.03429101967741
2000-05-10,-1.32148923129634
2000-05-11,1.15435881234817
2000-05-12,0.0835049902312891
2000-05-15,-0.609216858674001
2000-05-16,1.44548185407408
2000-05-17,-1.30396864310638
2000-05-18,-0.245443372546663
2000-05-19,-1.62016525312649
2000-05-22,-0.650652246391699
2000-05-23,0.130056183803407
2000-05-24,-0.802563754130162
2000-05-25,1.24802694485901
2000-05-26,-1.20328200745652
2000-05-29,1.53167342325261
2000-05-30,0.86988926438964
2000-05-31,-0.0775656003613884
2000-06-01,1.35743363906799
2000-06-02,1.35228652143118
2000-06-05,-0.245895263466851
2000-06-06,-0.387073606060028
2000-06-07,-0.599518356097425
2000-06-08,-0.263810779683337
2000-06-09,-0.0520061448194375
2000-06-12,-0.0522217136627802
2000-06-13,0.240112871916417
2000-06-14,0.673128088865403
2000-06-15,-0.178675347427814
2000-06-16,-0.619960937568608
2000-06-19,-0.441568929415405
2000-06-20,0.238661353923177
2000-06-21,-1.05736164907958
2000-06-22,-0.295234486369244
2000-06-23,-0.714153336583877
2000-06-26,0.401835549223358
2000-06-27,0.187667844780829
2000-06-28,0.0481629058113291
2000-06-29,-1.47439186241278
2000-06-30,0.00727601453735961
2000-07-03,0.689526238091943
2000-07-04,-0.148747310461619
2000-07-05,0.152133835390577
2000-07-06,0.0978269495439023
2000-07-07,0.616200179263874
2000-07-10,0.184503064254509
2000-07-11,-0.507782679581693
2000-07-12,0.511543973339433
2000-07-13,0.846718115945187
2000-07-14,1.28436390088534
2000-07-17,0.883522638133483
2000-07-18,-0.188574458883976
2000-07-19,-0.323213608755286
2000-07-20,0.916642301228778
2000-07-21,-0.811214022237479
2000-07-24,-0.522705350880287
2000-07-25,0.127408446112943
2000-07-26,-0.499963329772438
2000-07-27,-0.695975699133039
2000-07-28,-0.457256578308713
2000-07-31,0.520717997865683
2000-08-01,-0.370662347414089
2000-08-02,-0.274185811140987
2000-08-03,-0.848751033020287
2000-08-04,0.0442323750269681
2000-08-07,0.819795267564774
2000-08-08,0.260471455016826
2000-08-09,0.690733688305204
2000-08-10,0.449670156876993
2000-08-11,0.34653285981844
2000-08-14,0.0737657236175675
2000-08-15,-0.194843079334558
2000-08-16,0.0669773447148241
2000-08-17,-0.298585096277459
2000-08-18,-0.37578879828756
2000-08-21,-0.270848824151777
2000-08-22,0.415124089851334
2000-08-23,-0.132491220050663
2000-08-24,-0.0178744501347769
2000-08-25,0.634859077647086
2000-08-28,0.264311109793867
2000-08-29,-0.362898195880175
2000-08-30,-0.835660900495616
2000-08-31,0.433972021800718
2000-09-01,0.820667849065075
2000-09-04,0.817724226165649
2000-09-05,-0.434126695887757
2000-09-06,-0.495006883618267
2000-09-07,0.355829484612565
2000-09-08,-0.913659296393313
2000-09-11,-0.381499834469709
2000-09-12,-0.652129291250178
2000-09-13,-1.09077098691938
2000-09-14,0.373096933853587
2000-09-15,-0.424532027998948
2000-09-18,-0.924431455668748
2000-09-19,0.208827778144409
2000-09-20,-1.30900929905501
2000-09-21,-0.728134087752897
2000-09-22,0.51308221358567
2000-09-25,0.4306048132773
2000-09-26,-0.205481700103014
2000-09-27,0.434126872796685
2000-09-28,0.166609223788292
2000-09-29,-0.300605103318222
2000-10-02,0.563770155328767
2000-10-04,-0.335958570979236
2000-10-05,0.604345563004363
2000-10-06,-1.01161400210333
2000-10-09,-0.845698170884262
2000-10-10,-0.0653092570570003
2000-10-11,-1.07176598109091
2000-10-12,-0.812487881994654
2000-10-13,1.78691830767906
2000-10-16,-0.303121530594897
2000-10-17,-0.864295295919935
2000-10-18,-0.563430027465394
2000-10-19,1.36602457771089
2000-10-20,-0.0289198114877202
2000-10-23,0.0477846721857132
2000-10-24,1.62193920646924
2000-10-25,-0.478242618791294
2000-10-26,0.176852347565179
2000-10-27,1.37062994016222
2000-10-30,0.0192352379504284
2000-10-31,1.28979769340574
2000-11-01,-0.152277048300509
2000-11-02,0.252586242298861
2000-11-03,0.335891101083012
2000-11-06,0.070176115163993
2000-11-07,-0.438889951651153
2000-11-08,-0.619971425368349
2000-11-09,-0.430560762125773
2000-11-10,-0.929460098469286
2000-11-13,-0.960013420538609
2000-11-14,1.95961015987959
2000-11-15,-0.0447452938877214
2000-11-16,-1.29453362668819
2000-11-17,-0.518387125786479
2000-11-20,-1.30942532982324
2000-11-21,0.547709335976149
2000-11-22,-1.40689453365776
2000-11-23,0.790191540210883
2000-11-24,0.608668892205573
2000-11-27,0.29553368030156
2000-11-28,-0.636764686797786
2000-11-29,-0.24310700521237
2000-11-30,-2.07836745610138
2000-12-01,1.30614132741829
2000-12-04,-0.965965178127528
2000-12-05,2.09982366289111
2000-12-06,-0.130745926583907
2000-12-07,-0.350908157428107
2000-12-08,0.975831312946945
2000-12-11,0.812051241385826
2000-12-12,-0.429466766658165
2000-12-13,-1.01122228775008
2000-12-14,-1.31385867091737
2000-12-15,-1.34515179415571
2000-12-18,0.556428816267304
2000-12-19,0.829250589274305
2000-12-20,-2.16057223372771
2000-12-21,-0.45807132388949
2000-12-22,0.489171837288428
2000-12-27,0.731788740216016
2000-12-28,0.411876162646957
2000-12-29,0.580981316608736
2001-01-02,-1.34698021045841
2001-01-03,1.36538496060498
2001-01-04,-0.541727014767367
2001-01-05,0.0569538939676796
2001-01-08,0.0951301421514473
2001-01-09,0.118211742823501
2001-01-10,-0.789794959603741
2001-01-11,1.35893729635645
2001-01-12,0.231771400133942
2001-01-15,0.304372489063747
2001-01-16,-0.180276149586379
2001-01-17,1.36927472334208
2001-01-18,-0.155433074033333
2001-01-19,0.144699089896162
2001-01-22,0.213295926419363
2001-01-23,0.425620473763516
2001-01-24,-0.137061201028409
2001-01-25,0.188049217327251
2001-01-26,-0.284401173669619
2001-01-29,0.498263208149765
2001-01-30,-0.100301569514439
2001-01-31,0.495738375015131
2001-02-01,-0.797448553615767
2001-02-02,-0.59218928825295
2001-02-05,-0.0882691791353976
2001-02-06,0.585407158432949
2001-02-07,-1.02368423159831
2001-02-08,0.525788052690269
2001-02-09,-1.26795383035295
2001-02-12,0.62329878015284
2001-02-13,-0.0605947639654907
2001-02-14,-0.712207081003968
2001-02-15,1.02455821782465
2001-02-16,-1.39414540363456
2001-02-19,0.307758133040319
2001-02-20,-0.187821723063452
2001-02-21,-0.963680147163867
2001-02-22,-0.659281810644389
2001-02-23,-1.95665521654169
2001-02-26,1.11059347262694
2001-02-27,0.305264208451206
2001-02-28,-0.114693207580016
2001-03-01,-0.81902906303572
2001-03-02,0.349530214466374
2001-03-05,0.556564077087222
2001-03-06,0.649638091034666
2001-03-07,0.207676189781261
2001-03-08,-0.363584185135624
2001-03-09,-0.596994295436538
2001-03-12,-1.5362432295916
2001-03-13,-0.828843415203902
2001-03-14,-1.71218029567413
2001-03-15,0.982610465663797
2001-03-16,-1.59454763173496
2001-03-19,-0.806525056444577
2001-03-20,1.30680753575811
2001-03-21,-1.67368790161431
2001-03-22,-2.5367706374902
2001-03-23,1.71451751171985
2001-03-26,1.93491274555701
2001-03-27,2.16613577631949
2001-03-28,-1.22337535709828
2001-03-29,0.633819437955758
2001-03-30,-0.500476365936723
2001-04-02,-0.710084418603964
2001-04-03,-2.18576920667657
2001-04-04,0.476382930051192
2001-04-05,1.84847275103121
2001-04-06,-0.772320179390774
2001-04-09,0.857483664994617
2001-04-10,1.3596389380195
2001-04-11,0.37863569815173
2001-04-12,0.51395249007432
2001-04-17,-0.664634014297235
2001-04-18,2.26663455163835
2001-04-19,0.167687001637375
2001-04-20,-0.520451286768821
2001-04-23,-0.747210773443451
2001-04-24,0.719940121582595
2001-04-25,-0.0885993494013977
2001-04-26,0.0855993576022501
2001-04-27,0.503872649805646
2001-04-30,0.860104339948561
2001-05-02,-0.482083635475234
2001-05-03,-1.20746493288635
2001-05-04,0.482671227717143
2001-05-07,-0.149620466304541
2001-05-08,-0.132802024756709
2001-05-09,-0.436467633160701
2001-05-10,0.991788598906172
2001-05-11,-0.231560100596883
2001-05-14,-0.744129492104495
2001-05-15,0.0590415671605702
2001-05-16,0.7660159514163
2001-05-17,0.248857941661497
2001-05-18,0.129138829258658
2001-05-21,0.60800197679785
2001-05-22,0.200604090008638
2001-05-23,-0.526468356652431
2001-05-24,0.611435840530003
2001-05-25,-0.525668627363232
2001-05-28,-0.0617756068701481
2001-05-29,-0.931360355426294
2001-05-30,-0.774048141754888
2001-05-31,0.80850641613193
2001-06-01,0.0215630305388802
2001-06-04,0.513321054155526
2001-06-05,0.622192068660965
2001-06-06,-0.474377494660561
2001-06-07,-0.0761022694141624
2001-06-08,0.0315153420294531
2001-06-11,-0.233727598616652
2001-06-12,-1.00946737537437
2001-06-13,0.521007942093896
2001-06-14,-0.790566917500805
2001-06-15,-1.15779984547007
2001-06-18,-0.464736811289735
2001-06-19,0.544773504442273
2001-06-20,-0.467711310920618
2001-06-21,0.512395841656723
2001-06-22,0.157825946205456
2001-06-25,-0.394905317456634
2001-06-26,-0.551383303570013
2001-06-27,-0.147276826142933
2001-06-28,1.40609163331605
2001-06-29,0.862878240449727
2001-07-02,0.504751040376268
2001-07-03,-0.514059631106679
2001-07-04,-0.403899095355796
2001-07-05,-0.161392849281673
2001-07-06,-1.37762958536504
2001-07-09,0.081942288609393
2001-07-10,-0.544296827556199
2001-07-11,-0.146340653540701
2001-07-12,0.902792708910717
2001-07-13,0.388320157369269
2001-07-16,-0.749821725429066
2001-07-17,-0.0695433611421886
2001-07-18,-1.21775243766008
2001-07-19,1.05003089274986
2001-07-20,-0.673219510448027
2001-07-23,0.288942748822161
2001-07-24,-1.3367069418501
2001-07-25,-0.852067866697915
2001-07-26,0.989615788030631
2001-07-27,0.829503707445359
2001-07-30,0.389084135708574
2001-07-31,0.710176567265114
2001-08-01,-0.26216709352937
2001-08-02,-0.593129967258637
2001-08-03,-0.426571482220032
2001-08-06,0.108629475454582
2001-08-07,0.0701458295149243
2001-08-08,-1.44722983549101
2001-08-09,-1.09451325915827
2001-08-10,-0.856860986926145
2001-08-13,0.225428964993584
2001-08-14,0.731507248059834
2001-08-15,-0.707348296662899
2001-08-16,-1.02972497938467
2001-08-17,-1.57483821357756
2001-08-20,-0.160712289422141
2001-08-21,0.0978145264439136
2001-08-22,0.0498617484876546
2001-08-23,0.388721641415516
2001-08-24,1.50101235038665
2001-08-27,0.212855667196108
2001-08-28,-1.08605324518761
2001-08-29,-0.0396017343367835
2001-08-30,-1.6243784484585
2001-08-31,0.30031953260616
2001-09-03,-1.08985727899524
2001-09-04,1.32470993560126
2001-09-05,-1.86081470310142
2001-09-06,-2.076102952418
2001-09-07,-1.79643586998753
2001-09-10,-0.766277991451153
2001-09-12,-3.96990662414668
2001-09-13,0.314158456080769
2001-09-14,-3.87892098535266
2001-09-17,1.82767412532252
2001-09-18,-0.688239393736518
2001-09-19,-2.21677635875302
2001-09-20,-3.52947275046425
2001-09-21,-0.3498818242573
2001-09-24,3.84219466619242
2001-09-25,-0.43593678421534
2001-09-26,1.2734083837551
2001-09-27,1.28948982308889
2001-09-28,1.74212218695027
2001-10-01,-0.949770850054133
2001-10-02,0.900862896117082
2001-10-03,1.81314331657618
2001-10-04,1.48489741362948
2001-10-05,-0.796027526556312
2001-10-08,0.102132064601094
2001-10-09,-0.299816801637377
2001-10-10,1.85371792926721
2001-10-11,1.35043726075368
2001-10-12,-1.19018841465986
2001-10-15,-0.995098853794632
2001-10-16,1.01840245329061
2001-10-17,0.239215236826539
2001-10-18,-0.909831891538942
2001-10-19,-0.796706275543669
2001-10-22,1.38657336916895
2001-10-23,1.09062194925334
2001-10-24,1.35357440991664
2001-10-25,-1.20340088779453
2001-10-26,1.31393659364048
2001-10-29,-2.01192224264243
2001-10-30,-1.50726890812241
2001-10-31,0.201723893888723
2001-11-01,1.00316988936828
2001-11-02,-0.681388509579518
2001-11-05,2.20060961237977
2001-11-06,-0.596133123067852
2001-11-07,1.91316779126837
2001-11-08,1.61404830824569
2001-11-09,-1.00414787128005
2001-11-12,-1.09818749108495
2001-11-13,1.55120440001835
2001-11-14,0.0820798574566067
2001-11-15,0.636148886817647
2001-11-16,0.670925991035848
2001-11-19,1.43035471066319
2001-11-20,-1.03012704871435
2001-11-21,-0.104387820883712
2001-11-22,0.441690750276267
2001-11-23,0.310163826569574
2001-11-26,-0.425849070296109
2001-11-27,-0.637511973508249
2001-11-28,-1.71684564961153
2001-11-29,0.246989411575116
2001-11-30,0.650704424222459
2001-12-03,-0.0146592236637441
2001-12-04,0.308042987120555
2001-12-05,2.89477694855268
2001-12-06,0.0997709881076467
2001-12-07,-0.821408051239325
2001-12-10,-0.857297439944261
2001-12-11,0.256102950237231
2001-12-12,-0.978586019644453
2001-12-13,-1.14656343081976
2001-12-14,-0.682011109323359
2001-12-17,1.90140821424603
2001-12-18,-0.332081584927579
2001-12-19,-0.651820996108284
2001-12-20,-0.605798438281013
2001-12-21,1.02145438346193
2001-12-27,1.15921633746246
2001-12-28,0.502345736071206
2002-01-02,0.0929135119255533
2002-01-03,1.17485222092083
2002-01-04,0.549343317394418
2002-01-07,-0.976437131199654
2002-01-08,0.0502875882350089
2002-01-09,0.591276545106591
2002-01-10,-0.679683820200647
2002-01-11,-0.204640857317166
2002-01-14,-1.67251109253592
2002-01-15,-0.0418784712518686
2002-01-16,-0.922553818822627
2002-01-17,1.76445483102389
2002-01-18,-0.127156248369281
2002-01-21,-0.612220593537185
2002-01-22,-0.280693012457825
2002-01-23,1.37554281582812
2002-01-24,0.0885888986872986
2002-01-25,-0.156790854321344
2002-01-28,0.0306107264046811
2002-01-29,-0.865779367014976
2002-01-30,-0.377900256601014
2002-01-31,0.654372121067599
2002-02-01,-0.1205489031403
2002-02-04,-1.33094245959858
2002-02-05,-0.571699719098683
2002-02-06,-1.61988672279227
2002-02-07,0.722177397961143
2002-02-08,-0.325521447457975
2002-02-11,1.27428302160898
2002-02-12,-0.668402595598776
2002-02-13,0.618034355869293
2002-02-14,0.466051932992486
2002-02-15,-1.34706809298576
2002-02-18,0.11533353692527
2002-02-19,-1.33227446318347
2002-02-20,0.205550387510118
2002-02-21,0.877174661908658
2002-02-22,-1.30590298417756
2002-02-25,1.46928554619187
2002-02-26,0.421549301155475
2002-02-27,0.759864203729536
2002-02-28,0.944957708617914
2002-03-01,0.690279927716574
2002-03-04,1.71712607781563
2002-03-05,-0.19285767547674
2002-03-06,0.64583652813702
2002-03-07,0.0500384079831541
2002-03-08,0.78944737628584
2002-03-11,-0.207815950684168
2002-03-12,-0.726799266157694
2002-03-13,-0.335581801693036
2002-03-14,0.35345402951578
2002-03-15,1.39274942469118
2002-03-18,0.277962723054158
2002-03-19,0.403440366643404
2002-03-20,-1.07655305037535
2002-03-21,-0.175670711502161
2002-03-22,0.197462191731725
2002-03-25,-0.542102245383803
2002-03-26,0.819583883546676
2002-03-27,-0.470788475973464
2002-03-28,0.550845502063859
2002-04-02,-0.95869256543989
2002-04-03,-0.326768968960066
2002-04-04,-0.301885791995902
2002-04-05,0.0663196326865032
2002-04-08,-0.914572949866641
2002-04-09,-0.113384417727818
2002-04-10,1.09157785747554
2002-04-11,-1.16997039684956
2002-04-12,0.310875565340662
2002-04-15,0.627416845024259
2002-04-16,1.12745887372407
2002-04-17,-0.280818191277314
2002-04-18,-0.625475739249197
2002-04-19,0.248338559947448
2002-04-22,-0.897404725195134
2002-04-23,-0.150767969544268
2002-04-24,-0.365817957953583
2002-04-25,-1.23346205962091
2002-04-26,-0.638908145116362
2002-04-29,0.0943542566251451
2002-04-30,0.397074028402305
2002-05-02,-0.911972322082623
2002-05-03,-0.989163921361759
2002-05-06,-0.0227538433482725
2002-05-07,-0.0982214095505749
2002-05-08,1.88722213945701
2002-05-09,-0.739304801320658
2002-05-10,-1.1478091605344
2002-05-13,1.26181059850042
2002-05-14,0.879906671779108
2002-05-15,0.2780200758584
2002-05-16,-0.291429030570332
2002-05-17,-0.127832420435909
2002-05-20,-0.442447588633549
2002-05-21,-0.169105554108385
2002-05-22,-0.782303391393708
2002-05-23,-0.484641710397894
2002-05-24,0.242713890208711
2002-05-27,0.758930120852091
2002-05-28,-0.5164234639427
2002-05-29,-0.445328098430573
2002-05-30,-1.48143219351893
2002-05-31,0.705376372650046
2002-06-03,-0.875467084864317
2002-06-04,-1.55376283796998
2002-06-05,-0.0161736925149196
2002-06-06,0.430304473589329
2002-06-07,-0.607195524302394
2002-06-10,-0.268685054741953
2002-06-11,0.221552431507178
2002-06-12,-1.25361693487594
2002-06-13,-0.529756260707879
2002-06-14,-2.26110870097198
2002-06-17,2.33321284624769
2002-06-18,-0.550113306869024
2002-06-19,-1.07116292106204
2002-06-20,-1.51288335038328
2002-06-21,-0.184159134469282
2002-06-24,-1.50012027881655
2002-06-25,1.08926711109023
2002-06-26,-1.49227308159282
2002-06-27,2.29507331777065
2002-06-28,1.70487507284469
2002-07-01,-0.212077713691606
2002-07-02,-2.38074580500536
2002-07-03,-0.825463271345346
2002-07-04,1.71673920607861
2002-07-05,3.06989938594446
2002-07-08,-0.541735913454516
2002-07-09,-0.980739206092941
2002-07-10,-2.50268961759755
2002-07-11,-1.02811625087794
2002-07-12,0.181032470631971
2002-07-15,-3.23948758702816
2002-07-16,0.990572754542031
2002-07-17,1.70608182665279
2002-07-18,0.118538873347189
2002-07-19,-3.11918191798864
2002-07-22,-3.1550665922065
2002-07-23,-2.90781006620156
2002-07-24,1.95522090335374
2002-07-25,-1.87075043576477
2002-07-26,0.987858262740909
2002-07-29,4.51354466380677
2002-07-30,0.298664469047332
2002-07-31,-2.81541867046717
2002-08-01,-1.52873747667508
2002-08-02,-1.23455634083714
2002-08-05,-3.47498571764341
2002-08-06,4.08892329794573
2002-08-07,-1.74787883417359
2002-08-08,3.57689048357127
2002-08-09,1.3129991119255
2002-08-12,-1.83095160673648
2002-08-13,0.590846159096143
2002-08-14,-1.52921457643146
2002-08-15,1.25114488409776
2002-08-16,0.310873968686519
2002-08-19,2.43236850305587
2002-08-20,-1.08314973550738
2002-08-21,1.56179010759733
2002-08-22,0.592578509957263
2002-08-23,-1.2060889856218
2002-08-26,-0.694079603671881
2002-08-27,1.05892764845548
2002-08-28,-2.66884195595757
2002-08-29,-0.353096482443418
2002-08-30,0.845097054312166
2002-09-02,-1.68598209786177
2002-09-03,-3.58432317045639
2002-09-04,0.473897654258303
2002-09-05,-1.25115774335584
2002-09-06,2.290158773594
2002-09-09,-0.972341768563087
2002-09-10,1.13238991767479
2002-09-11,1.52150740242904
2002-09-12,-2.77322807460471
2002-09-13,-1.06401587091639
2002-09-16,-0.752143198189953
2002-09-17,-0.537875589634841
2002-09-18,-3.055688899851
2002-09-19,-2.28498148903093
2002-09-20,1.14879415183196
2002-09-23,-3.0233678334218
2002-09-24,-0.844077351562051
2002-09-25,1.83064686694598
2002-09-26,1.16285631924345
2002-09-27,-2.04246037764129
2002-09-30,-3.14499388840455
2002-10-01,2.04253526386735
2002-10-02,1.27146484948883
2002-10-03,-2.35793278474796
2002-10-04,-2.12950737233996
2002-10-07,-1.04527408188167
2002-10-08,-1.02002615660452
2002-10-09,-0.551042889477845
2002-10-10,3.0352429847215
2002-10-11,4.17066705306928
2002-10-14,-1.66314855070489
2002-10-15,4.01724730605306
2002-10-16,-0.772832465555217
2002-10-17,3.16359035835212
2002-10-18,-0.162765449628572
2002-10-21,2.20813367362102
2002-10-22,-2.34779284792628
2002-10-23,-2.71780366477126
2002-10-24,1.46225590397155
2002-10-25,0.234417228400079
2002-10-28,1.84090911593527
2002-10-29,-3.39545769645048
2002-10-30,1.78589082935117
2002-10-31,0.751277723405908
2002-11-01,0.235661847862135
2002-11-04,2.99798777393814
2002-11-05,0.421039034464644
2002-11-06,-0.939679189029687
2002-11-07,-2.64711985465101
2002-11-08,-1.4638538202954
2002-11-11,-0.719843912345516
2002-11-12,1.43487311576068
2002-11-13,-0.952665879346295
2002-11-14,2.33241274687175
2002-11-15,0.0660275324357837
2002-11-18,0.498595202164528
2002-11-19,-0.209542916455033
2002-11-20,0.115684745670966
2002-11-21,1.68247142545445
2002-11-22,0.295890932342446
2002-11-25,-0.387505423645599
2002-11-26,-1.97746653688623
2002-11-27,2.82633472757548
2002-11-28,0.263306832783981
2002-11-29,-0.720055690347637
2002-12-02,1.07039085424784
2002-12-03,-1.7852631039751
2002-12-04,0.731417485466827
2002-12-05,-1.74920633518256
2002-12-06,-0.316644525675478
2002-12-09,-2.70053651882468
2002-12-10,1.96562809247534
2002-12-11,0.529586772546457
2002-12-12,-1.59096058033712
2002-12-13,-0.66908145273486
2002-12-16,2.44126468367011
2002-12-17,-1.22669811477215
2002-12-18,-2.27044475413456
2002-12-19,-1.22026802622013
2002-12-20,1.25636422333072
2002-12-23,-0.460562631005695
2002-12-27,-3.28703920033575
2002-12-30,1.09955639517949
2003-01-02,4.23486514932838
2003-01-03,-0.230247515799572
2003-01-06,1.23197376258033
2003-01-07,-0.844421670423022
2003-01-08,-2.34036090906684
2003-01-09,0.887887749959371
2003-01-10,-0.00394439861672665
2003-01-13,0.459719024742442
2003-01-14,0.741209008462052
2003-01-15,-0.955258652783447
2003-01-16,0.0951105213784743
2003-01-17,-2.70299417746262
2003-01-20,-0.516363596599225
2003-01-21,-0.473256427884294
2003-01-22,-1.41433465691581
2003-01-23,0.172493484340999
2003-01-24,-2.01497693551568
2003-01-27,-1.64615474227222
2003-01-28,0.622279762466357
2003-01-29,0.784963319262131
2003-01-30,-0.279950299671245
2003-01-31,1.18937985995344
2003-02-03,0.0932831805112255
2003-02-04,-2.6372523562165
2003-02-05,2.07379848916243
2003-02-06,-1.70565511198604
2003-02-07,-1.82056332490748
2003-02-10,0.391012124545143
2003-02-11,0.940299216557125
2003-02-12,-1.27812020782313
2003-02-13,-0.369385752585797
2003-02-14,2.72563826867331
2003-02-17,0.768632550978339
2003-02-18,0.686187973506955
2003-02-19,-2.56877861974054
2003-02-20,-0.761701911033023
2003-02-21,1.31615723494991
2003-02-24,-1.77093002444165
2003-02-25,-2.0250545309601
2003-02-26,-0.8513376041778
2003-02-27,1.51958556854312
2003-02-28,0.801481385780305
2003-03-03,0.0638695688842682
2003-03-04,-1.14691693175224
2003-03-05,-0.0689818044592867
2003-03-06,-1.46152897781074
2003-03-07,-0.140567307375833
2003-03-10,-2.57215446609152
2003-03-11,-0.608935216699175
2003-03-12,-2.70897293070604
2003-03-13,3.97121084058743
2003-03-14,1.23018388774387
2003-03-17,2.05309681518684
2003-03-18,2.29920026458818
2003-03-19,0.706079734422595
2003-03-20,-0.234346184448022
2003-03-21,2.47775400131082
2003-03-24,-3.78105443123512
2003-03-25,2.02432395789683
2003-03-26,-1.29726278628206
2003-03-27,0.112124463879605
2003-03-28,-1.47612291811877
2003-03-31,-2.33976170418629
2003-04-01,0.647942674491301
2003-04-02,3.30205744939668
2003-04-03,-0.449451668692242
2003-04-04,1.9297083053683
2003-04-07,3.38994257093428
2003-04-08,-0.878441080800099
2003-04-09,-0.728469245518152
2003-04-10,-0.810786360246479
2003-04-11,0.813384034196962
2003-04-14,0.931287463101506
2003-04-15,1.22362461003706
2003-04-16,-0.196319256278579
2003-04-17,1.57002929767095
2003-04-22,1.24985257478506
2003-04-23,0.2734059230403
2003-04-24,-1.68274204531196
2003-04-25,-1.11005846183704
2003-04-28,2.38897863423938
2003-04-29,-0.913047143214785
2003-04-30,0.678248781070007
2003-05-02,0.888702569062958
2003-05-05,0.541321054624843
2003-05-06,1.06204954725105
2003-05-07,-1.2030323583954
2003-05-08,-2.42125836743048
2003-05-09,1.44447034115163
2003-05-12,-0.388803426109941
2003-05-13,-0.554942329376053
2003-05-14,0.332044467125974
2003-05-15,1.2821493005229
2003-05-16,-0.00305658032770642
2003-05-19,-2.82836769657195
2003-05-20,-0.243735057600843
2003-05-21,-0.24327944778504
2003-05-22,0.799457461219334
2003-05-23,-0.887023005543229
2003-05-26,0.118130399520942
2003-05-27,0.952328293767883
2003-05-28,0.950155871220361
2003-05-29,-0.260091148547093
2003-05-30,1.5437862418361
2003-06-02,1.62031457240349
2003-06-03,-0.737104184130446
2003-06-04,1.04350470468031
2003-06-05,-0.782856369898253
2003-06-06,1.70158609683776
2003-06-09,-0.624789558815069
2003-06-10,0.87611525191565
2003-06-11,0.717701295255586
2003-06-12,0.774394838646013
2003-06-13,-0.946175637475262
2003-06-16,1.78157999305609
2003-06-17,0.403699797847858
2003-06-18,0.323176612600828
2003-06-19,-1.03705454424211
2003-06-20,-0.146780173284709
2003-06-23,-0.974702806777493
2003-06-24,0.580228726273604
2003-06-25,-0.341834248512706
2003-06-26,0.789344869269988
2003-06-27,-0.3029758066773
2003-06-30,-0.072673926381965
2003-07-01,-1.38588878202601
2003-07-02,1.76997032527244
2003-07-03,0.0191505145928167
2003-07-04,-0.0396323766808438
2003-07-07,1.69789730291737
2003-07-08,0.210259064357455
2003-07-09,-0.391753659114803
2003-07-10,-0.949950313414973
2003-07-11,1.02911918975343
2003-07-14,1.23889396917849
2003-07-15,-0.197523224539694
2003-07-16,0.0549664541826015
2003-07-17,-1.00977009347448
2003-07-18,0.645516938944952
2003-07-21,-1.42804406106698
2003-07-22,0.566241083254427
2003-07-23,-0.243611639214574
2003-07-24,1.2608532431948
2003-07-25,-0.315204220162012
2003-07-28,1.07634071587261
2003-07-29,0.183519349227519
2003-07-30,0.0187883283399226
2003-07-31,1.01886450546372
2003-08-01,-0.841509160905826
2003-08-04,-0.583100751532219
2003-08-05,0.579769990939035
2003-08-06,-1.09617145833954
2003-08-07,-0.776503424309204
2003-08-08,0.00921033041263454
2003-08-11,0.134343416014318
2003-08-12,0.751638667492393
2003-08-13,0.30557284568599
2003-08-14,0.941027690636271
2003-08-15,-0.148952139786301
2003-08-18,1.09067097351719
2003-08-19,-0.043056840435645
2003-08-20,-0.0533258698685724
2003-08-21,1.08877516978735
2003-08-22,-0.272734782940392
2003-08-25,-0.826677616324791
2003-08-26,-0.763134992161031
2003-08-27,0.478060331184401
2003-08-28,0.167144330136893
2003-08-29,-0.13555612549982
2003-09-01,1.46969430471202
2003-09-02,-0.064327719805451
2003-09-03,1.33257353113363
2003-09-04,0.348396286372732
2003-09-05,-0.997762996078473
2003-09-08,0.560185092378274
2003-09-09,-0.77505182325705
2003-09-10,-0.960672480079445
2003-09-11,0.507032357237244
2003-09-12,-0.989622811489523
2003-09-15,0.143222051769362
2003-09-16,0.820040208191858
2003-09-17,-0.0594183664556703
2003-09-18,0.852025086583317
2003-09-19,-0.5505403155061
2003-09-22,-2.07596315015158
2003-09-23,-0.78411534213048
2003-09-24,-1.84050880480023
2003-09-25,0.343789308065309
2003-09-26,-0.0225638978586009
2003-09-29,-0.0234732972754328
2003-09-30,-1.20603645767293
2003-10-01,1.32770653382151
2003-10-02,-0.958750686105299
2003-10-03,2.54288935923847
2003-10-06,-0.243690948649668
2003-10-07,-0.865078595165565
2003-10-08,0.702683226096687
2003-10-09,1.50656725940801
2003-10-10,-0.180012925355831
2003-10-13,1.1470348376758
2003-10-14,-0.00145138200932468
2003-10-15,0.548181429078422
2003-10-16,0.122242451090136
2003-10-17,-1.0249502555157
2003-10-20,0.723053197046064
2003-10-21,0.350090364758223
2003-10-22,-1.50871613362501
2003-10-23,0.114727750685773
2003-10-24,-0.761882622056934
2003-10-27,1.10765230012749
2003-10-28,1.17706515491682
2003-10-29,0.475418518724292
2003-10-30,0.402013708977396
2003-10-31,0.270291407297225
2003-11-03,1.4315573215606
2003-11-04,-0.0415778696977046
2003-11-05,-0.381524837752993
2003-11-06,0.263092108925227
2003-11-07,0.775723506403221
2003-11-10,-0.573281974866432
2003-11-11,-0.258602732372118
2003-11-12,0.297945500477722
2003-11-13,0.277149432188746
2003-11-14,0.505322423342399
2003-11-17,-1.96123926381895
2003-11-18,-0.131463049037149
2003-11-19,-0.225389313112042
2003-11-20,-0.230533593538182
2003-11-21,0.0720084423406712
2003-11-24,1.53812718549539
2003-11-25,-0.0599007647344366
2003-11-26,-0.320772209461373
2003-11-27,0.515600068411553
2003-11-28,0.0182444540847681
2003-12-01,1.19076275095043
2003-12-02,-0.183966681426985
2003-12-03,1.03499428126012
2003-12-04,-0.0106247642549093
2003-12-05,-0.508647396901132
2003-12-08,-0.546633259533668
2003-12-09,0.621645397372613
2003-12-10,-0.390583942318952
2003-12-11,0.592869698929177
2003-12-12,0.0227439330803363
2003-12-15,0.23979953953612
2003-12-16,-0.143485535991239
2003-12-17,-0.282141402820202
2003-12-18,0.363663352678811
2003-12-19,0.426334423908608
2003-12-22,-0.327036380985887
2003-12-23,0.408235242792048
2003-12-29,0.753723233502372
2003-12-30,0.19059900168472
2004-01-02,0.800971602661782
2004-01-05,0.260973514425543
2004-01-06,-0.00387018831448273
2004-01-07,-0.458211229898294
2004-01-08,0.611748538220307
2004-01-09,-0.430444197530591
2004-01-12,-0.299247977625094
2004-01-13,0.00757014667435886
2004-01-14,0.878076773058298
2004-01-15,0.202011573654918
2004-01-16,0.629190721198838
2004-01-19,0.412300763008457
2004-01-20,-0.482441120825136
2004-01-21,0.46118858044613
2004-01-22,0.0291983874007407
2004-01-23,0.175368237524654
2004-01-26,-0.330995796029814
2004-01-27,0.085909441765466
2004-01-28,0.231022031006319
2004-01-29,-0.786950545202733
2004-01-30,-0.540652220060022
2004-02-02,0.193925408571229
2004-02-03,-0.204092556995372
2004-02-04,-0.427518447432228
2004-02-05,-0.198731186119352
2004-02-06,0.450495828424771
2004-02-09,0.794650210566703
2004-02-10,0.175051954081583
2004-02-11,0.167748369133938
2004-02-12,-0.0044522176339287
2004-02-13,-0.940518494658791
2004-02-16,0.200014101661072
2004-02-17,0.374449208876426
2004-02-18,-0.00464549743518552
2004-02-19,0.672751584610519
2004-02-20,-0.988419583209236
2004-02-23,-0.0651316401753475
2004-02-24,-1.14246709238735
2004-02-25,0.0615617061970934
2004-02-26,0.189047284466986
2004-02-27,0.156967827655415
2004-03-01,0.539600304964199
2004-03-02,0.675393910527587
2004-03-03,-0.415671821909026
2004-03-04,0.90662866663907
2004-03-05,-0.107542402897995
2004-03-08,0.289558264590017
2004-03-09,-0.844866178461517
2004-03-10,-0.626436191531258
2004-03-11,-2.09703126945879
2004-03-12,0.162240040221077
2004-03-15,-1.61455768055982
2004-03-16,0.184611690170754
2004-03-17,1.15452555204867
2004-03-18,-1.06964443840427
2004-03-19,-0.126401263124224
2004-03-22,-1.42000518602396
2004-03-23,-0.00362919573520055
2004-03-24,-0.0411239999366038
2004-03-25,1.36334060162455
2004-03-26,0.165810035604166
2004-03-29,0.916509216072628
2004-03-30,-0.108108516171454
2004-03-31,-0.264975356116366
2004-04-01,1.04904161236281
2004-04-02,1.24900192035139
2004-04-05,0.610822343794329
2004-04-06,-0.378714933190722
2004-04-07,-0.319343244859922
2004-04-08,0.187288995661974
2004-04-13,0.858196507878156
2004-04-14,-0.863632232248961
2004-04-15,-0.118631642143691
2004-04-16,0.439342629455684
2004-04-19,-0.12911889552085
2004-04-20,0.535594985032405
2004-04-21,-0.513698362204512
2004-04-22,0.490448137900772
2004-04-23,0.653663009323876
2004-04-26,0.325298518873904
2004-04-27,0.122526758335298
2004-04-28,-0.992860169328957
2004-04-29,-0.837732438456833
2004-04-30,-0.351176919420142
2004-05-03,0.338277626827409
2004-05-04,-0.249439089973285
2004-05-05,0.470259921500679
2004-05-06,-1.69345963110058
2004-05-07,-0.208555005905354
2004-05-10,-1.72393208715407
2004-05-11,1.02351090227781
2004-05-12,-1.14986335076704
2004-05-13,0.768057000574394
2004-05-14,-0.338890159372707
2004-05-17,-0.767239265732556
2004-05-18,0.555065453188097
2004-05-19,1.29728237587222
2004-05-20,-0.507270644797538
2004-05-21,-0.113530404915889
2004-05-24,0.561403727195531
2004-05-25,-0.614316541725221
2004-05-26,0.615249598455952
2004-05-27,0.706175371207872
2004-05-28,-0.159203746512213
2004-05-31,0.288261118797877
2004-06-01,-0.875082539604279
2004-06-02,0.374713450532954
2004-06-03,0.443199366303433
2004-06-04,0.6828600775072
2004-06-07,0.839385168748206
2004-06-08,0.0198800476740768
2004-06-09,-0.312781344914117
2004-06-10,0.358615901565673
2004-06-11,-0.102294626691486
2004-06-14,-0.985700796491785
2004-06-15,0.58466279140976
2004-06-16,0.241211309081816
2004-06-17,-0.26290301283712
2004-06-18,0.217286572815196
2004-06-21,-0.153748031178809
2004-06-22,-0.916101209101963
2004-06-23,0.256434839645318
2004-06-24,0.933465770339086
2004-06-25,0.0967600281775505
2004-06-28,0.830503298923067
2004-06-29,0.00851377377936932
2004-06-30,-0.247054906224781
2004-07-01,-0.258613479927441
2004-07-02,-0.536020578384015
2004-07-05,-0.0424827994918488
2004-07-06,-0.761967401095977
2004-07-07,-0.213945505999324
2004-07-08,0.0621651003951679
2004-07-09,-0.148895209868151
2004-07-12,-0.474521636579691
2004-07-13,0.165931236857733
2004-07-14,-0.0742151479420528
2004-07-15,-0.793518880127455
2004-07-16,-0.016625720357006
2004-07-19,-0.516417557575455
2004-07-20,0.392798143389097
2004-07-21,0.620360120198068
2004-07-22,-1.18601487792307
2004-07-23,-0.0555400114629801
2004-07-26,-0.704883015920396
2004-07-27,0.973611295434223
2004-07-28,-0.104732334919414
2004-07-29,1.28279441864067
2004-07-30,0.0939167706708388
2004-08-02,-0.503581025949901
2004-08-03,0.228398585846599
2004-08-04,-0.828105717715493
2004-08-05,0.085503143682234
2004-08-06,-1.59817071552809
2004-08-09,-0.599434719596276
2004-08-10,0.491451694670071
2004-08-11,-0.670678080808271
2004-08-12,-0.335680057063761
2004-08-13,-0.178883498034515
2004-08-16,0.850396859551904
2004-08-17,0.109721246028387
2004-08-18,0.33673433974418
2004-08-19,-0.0533416630404565
2004-08-20,-0.163805179304953
2004-08-23,0.952955390102662
2004-08-24,-0.0151145142906425
2004-08-25,0.28543660141196
2004-08-26,0.683138585977626
2004-08-27,0.296749490475698
2004-08-30,-0.1885764662722
2004-08-31,-0.837439247150494
2004-09-01,0.512116261017975
2004-09-02,0.250066053600103
2004-09-03,0.523189990542978
2004-09-06,0.320086507162334
2004-09-07,0.0253618121071518
2004-09-08,-0.0720495654241538
2004-09-09,-0.505700832817699
2004-09-10,0.540320889301216
2004-09-13,1.0280728269616
2004-09-14,-0.0811159602118607
2004-09-15,-0.0879005506948305
2004-09-16,0.333828615778157
2004-09-17,0.369754726713744
2004-09-20,-0.152857798321841
2004-09-21,0.202892457036451
2004-09-22,-0.729842336003754
2004-09-23,-0.555475886293899
2004-09-24,0.0738458988621315
2004-09-27,-0.548358181186253
2004-09-28,0.124588732434159
2004-09-29,0.586029854166292
2004-09-30,-0.416854957089843
2004-10-01,1.54849338877189
2004-10-04,0.573065516141168
2004-10-05,0.23097782929935
2004-10-06,0.0169488150386326
2004-10-07,-0.0900438689198085
2004-10-08,-0.40939510433966
2004-10-11,0.0368373023708625
2004-10-12,-0.898965489344427
2004-10-13,0.280408635978103
2004-10-14,-0.533746470800622
2004-10-15,-0.27582677063886
2004-10-18,-0.102831872390192
2004-10-19,0.745141615188519
2004-10-20,-0.781535863989574
2004-10-21,0.332660709800057
2004-10-22,0.0193300955101217
2004-10-25,-1.23501069232017
2004-10-26,0.124444915644094
2004-10-27,1.02657619176295
2004-10-28,0.465657586924394
2004-10-29,0.0128910001329471
2004-11-01,0.787816815918353
2004-11-02,0.372834013657443
2004-11-03,0.0246767797416852
2004-11-04,0.0375267834246541
2004-11-05,0.330102554848342
2004-11-08,0.0821008738612862
2004-11-09,-0.0505125848702882
2004-11-10,0.35155303658816
2004-11-11,0.608594487927864
2004-11-12,0.183961971566683
2004-11-15,-0.127073839138469
2004-11-16,-0.244880683698101
2004-11-17,0.955414666958954
2004-11-18,-0.06462611875311
2004-11-19,-0.626214909924722
2004-11-22,-0.154848906634605
2004-11-23,-0.150911027238438
2004-11-24,0.175898000367412
2004-11-25,0.508212632200179
2004-11-26,-0.0844053327936818
2004-11-29,-0.101956311259543
2004-11-30,-0.299969404126575
2004-12-01,0.865583906588111
2004-12-02,0.434660933366561
2004-12-03,-0.103814730255864
2004-12-06,-0.209716723716376
2004-12-07,0.268778125834682
2004-12-08,-0.157050870636623
2004-12-09,-0.725598046877526
2004-12-10,0.349291397628091
2004-12-13,0.638883615161552
2004-12-14,0.173399045135147
2004-12-15,-0.246134948815592
2004-12-16,0.286015081456949
2004-12-17,-0.727135183990818
2004-12-20,0.419592896323798
2004-12-21,0.0431962484302098
2004-12-22,0.382783915903011
2004-12-23,0.148358746438979
2004-12-27,-0.225902950969592
2004-12-28,0.374463371441058
2004-12-29,-0.194135183541101
2004-12-30,0.119939537867813
2005-01-03,0.498316874428568
2005-01-04,-0.0113983172144856
2005-01-05,-0.447805380980091
2005-01-06,0.598823608994731
2005-01-07,0.217226657283148
2005-01-10,-0.12213338391144
2005-01-11,-0.685394187136161
2005-01-12,-0.691007907776566
2005-01-13,0.0500284386961869
2005-01-14,0.288941229552415
2005-01-17,0.188206476574183
2005-01-18,0.0760412559701428
2005-01-19,-0.0696043042565069
2005-01-20,-0.351474425806234
2005-01-21,-0.0923729974602026
2005-01-24,-0.164684403299485
2005-01-25,0.456880303018009
2005-01-26,-0.277432009566919
2005-01-27,0.0353819145973962
2005-01-28,-0.204218727441301
2005-01-31,0.752097080281871
2005-02-01,0.354490073399151
2005-02-02,0.230508615980261
2005-02-03,-0.201335991049361
2005-02-04,0.801558708782225
2005-02-07,0.374347192307781
2005-02-08,0.0718333999004817
2005-02-09,-0.246779306203987
2005-02-10,-0.150091272450241
2005-02-11,0.629455843552313
2005-02-14,-0.0161211892369186
2005-02-15,0.215365422314032
2005-02-16,-0.450011888161025
2005-02-17,0.0153757266023723
2005-02-18,-0.136769872971473
2005-02-21,-0.0810990851196625
2005-02-22,-0.411843060722021
2005-02-23,-0.170684057434893
2005-02-24,-0.0853812172054857
2005-02-25,0.61514435347327
2005-02-28,0.028338679768874
2005-03-01,0.456011062258517
2005-03-02,0.136438229388909
2005-03-03,-0.271738006368557
2005-03-04,0.68524562401841
2005-03-07,0.0646048958064506
2005-03-08,-0.424646576740543
2005-03-09,-0.281645071583789
2005-03-10,-0.516883611943242
2005-03-11,0.316166592895226
2005-03-14,0.0961352487001054
2005-03-15,0.281117559891376
2005-03-16,-1.07632904871296
2005-03-17,0.0972456265291702
2005-03-18,0.158545632141317
2005-03-21,-0.423950042457591
2005-03-22,0.340184728601082
2005-03-23,-0.0453222727018797
2005-03-24,0.367029415926747
2005-03-29,0.116811196937084
2005-03-30,-0.057063504695003
2005-03-31,0.0201059459835056
2005-04-01,0.342003723240221
2005-04-04,-0.43756563653442
2005-04-05,0.294137266744767
2005-04-06,0.229342580738797
2005-04-07,0.143784828055814
2005-04-08,0.154582758601626
2005-04-11,-0.0593866318975146
2005-04-12,-0.323592333770696
2005-04-13,0.45974281127556
2005-04-14,-0.0464258175678663
2005-04-15,-1.22796467984023
2005-04-18,-1.54097237433236
2005-04-19,0.0371784185075863
2005-04-20,-0.367368651068506
2005-04-21,0.21807665810764
2005-04-22,0.419309757908207
2005-04-25,0.340257940690015
2005-04-26,-0.182974155435263
2005-04-27,-0.631529539906901
2005-04-28,-0.152950294345799
2005-04-29,0.0992014267897455
2005-05-02,0.559474928461505
2005-05-03,0.306428655916463
2005-05-04,0.266952842617658
2005-05-05,0.493332048524472
2005-05-06,0.163156332777666
2005-05-09,-0.255985534621311
2005-05-10,-0.574187243545908
2005-05-11,-0.0950612399922671
2005-05-12,0.324169831306282
2005-05-13,0.12388070083389
2005-05-16,-0.186206275797208
2005-05-17,-0.143106979079193
2005-05-18,1.01727222516603
2005-05-19,0.495567786771544
2005-05-20,0.00649808873410111
2005-05-23,0.633292606030172
2005-05-24,-0.136945325666333
2005-05-25,-0.0935840298451389
2005-05-26,0.639805146400148
2005-05-27,0.112007848956754
2005-05-30,0.480975707755442
2005-05-31,-0.261572258289611
2005-06-01,0.887241035570377
2005-06-02,0.0688602469578137
2005-06-03,-0.284757342007071
2005-06-06,-0.171170468967963
2005-06-07,0.9090041568572
2005-06-08,-0.111226784058832
2005-06-09,0.0744460457013726
2005-06-10,0.307786665267866
2005-06-13,0.173417112071124
2005-06-14,-0.0947920110957633
2005-06-15,-0.562524215287511
2005-06-16,0.414463011554251
2005-06-17,0.324162275957421
2005-06-20,-0.227207164886114
2005-06-21,0.27897814034986
2005-06-22,0.15166437740495
2005-06-23,0.10472263588134
2005-06-24,-0.7895601929865
2005-06-27,-0.557607282756936
2005-06-28,0.445398257290051
2005-06-29,0.344893847877853
2005-06-30,0.0374550874349344
2005-07-01,0.40254090802012
2005-07-04,0.0848890309490864
2005-07-05,-0.252855754544202
2005-07-06,0.156337269694281
2005-07-07,-1.11125790405376
2005-07-08,0.890001349089908
2005-07-11,0.846546286623755
2005-07-12,-0.129758349194014
2005-07-13,0.346695973792274
2005-07-14,0.249742533930983
2005-07-15,0.175907063762486
2005-07-18,0.0873997813399994
2005-07-19,0.644459456959096
2005-07-20,0.177445973377359
2005-07-21,0.566594752669477
2005-07-22,0.0898008154414031
2005-07-25,0.0745077659135826
2005-07-26,0.0126789153289164
2005-07-27,0.148996470525205
2005-07-28,0.458151850049376
2005-07-29,-0.0703488730202397
2005-08-01,0.0560784547007557
2005-08-02,0.513850108163275
2005-08-03,-0.11522238306427
2005-08-04,-0.595191088228037
2005-08-05,-0.574265019539446
2005-08-08,0.134924386064203
2005-08-09,0.880584850014589
2005-08-10,0.981308727265278
2005-08-11,-0.43715001387567
2005-08-12,-0.197519800257378
2005-08-15,-0.178657827198438
2005-08-16,-0.466380550776248
2005-08-17,-0.148276900471554
2005-08-18,-0.245097840995868
2005-08-19,0.963278909068326
2005-08-22,0.145472344133456
2005-08-23,-0.287210324661459
2005-08-24,-0.0188049267474257
2005-08-25,-0.729726630372318
2005-08-26,-0.891811826568186
2005-08-29,0.356936940502435
2005-08-30,-0.252269454130917
2005-08-31,0.474314082022059
2005-09-01,0.166556907487584
2005-09-02,-0.0603583318755362
2005-09-05,0.886189376660097
2005-09-06,0.708980289526436
2005-09-07,0.241191475435472
2005-09-08,0.0581062349333162
2005-09-09,0.160385154583641
2005-09-12,-0.187654101215261
2005-09-13,-1.06089630995055
2005-09-14,0.116014594402889
2005-09-15,-0.0602089134117516
2005-09-16,0.975174674129681
2005-09-19,-0.7245107042061
2005-09-20,0.446581732298469
2005-09-21,-1.06112678238208
2005-09-22,-0.319004435896489
2005-09-23,0.414971529108754
2005-09-26,1.40019716979303
2005-09-27,-0.384020831128288
2005-09-28,0.991227528216655
2005-09-29,-0.324084488858128
2005-09-30,0.27528335992486
2005-10-03,0.450580293018614
2005-10-04,0.656841021291391
2005-10-05,-0.799808637913613
2005-10-06,-0.614615128152923
2005-10-07,-0.110251241015233
2005-10-10,0.181795512584412
2005-10-11,0.117804840335619
2005-10-12,-0.601669136008369
2005-10-13,-0.378300029755072
2005-10-14,0.309681729175048
2005-10-17,0.0421742736462162
2005-10-18,-0.377922271597418
2005-10-19,-1.23141004998851
2005-10-20,0.227673707245479
2005-10-21,-0.315288687748796
2005-10-24,0.780299773759869
2005-10-25,-0.349233662301121
2005-10-26,0.342922981174401
2005-10-27,-1.16288825400586
2005-10-28,0.245875860207286
2005-10-31,1.26945886982427
2005-11-01,-0.0761132909814306
2005-11-02,0.393290133175362
2005-11-03,0.676161394603337
2005-11-04,-0.185189317140089
2005-11-07,0.34817667353314
2005-11-08,-0.180043994724352
2005-11-09,0.0333339149905197
2005-11-10,0.0526114982517278
2005-11-11,0.891724514728828
2005-11-14,0.0226427539910102
2005-11-15,0.215765230571401
2005-11-16,-0.338681500798866
2005-11-17,0.217160744626485
2005-11-18,0.28077353067048
2005-11-21,0.549564715681135
2005-11-22,0.0503899202160542
2005-11-23,0.248947730931916
2005-11-24,-0.0902341586496871
2005-11-25,0.0753012786813653
2005-11-28,-0.200688343599771
2005-11-29,0.266435432644506
2005-11-30,-0.0669394903710998
2005-12-01,0.838263157942686
2005-12-02,0.471022103450565
2005-12-05,-0.461632577145936
2005-12-06,0.38711822532026
2005-12-07,-0.382491279751364
2005-12-08,0.2292963664503
2005-12-09,-0.0492756961294697
2005-12-12,0.21827495001972
2005-12-13,0.105029963004139
2005-12-14,-0.262167710278792
2005-12-15,0.10519599667193
2005-12-16,0.651673677129959
2005-12-19,-0.0358961254775393
2005-12-20,0.0745581402119612
2005-12-21,0.454221130059352
2005-12-22,0.0145545728488804
2005-12-23,0.232277849442143
2005-12-27,0.286488020481201
2005-12-28,0.0282691051220644
2005-12-29,0.128123162466465
2005-12-30,-0.550164156580517
2006-01-02,0.46187216646166
2006-01-03,0.120074946207563
2006-01-04,0.68735811718442
2006-01-05,-0.0737699586153488
2006-01-06,0.216800399491644
2006-01-09,0.0114584997092593
2006-01-10,-0.456139338287753
2006-01-11,0.416480315930937
2006-01-12,0.102590452987147
2006-01-13,-0.636690832199676
2006-01-16,0.345595794103091
2006-01-17,-0.58999946733198
2006-01-18,-0.707302558830039
2006-01-19,0.391617239595702
2006-01-20,-0.903669521411633
2006-01-23,-0.000412468351281277
2006-01-24,-0.158289091999614
2006-01-25,1.03286729562658
2006-01-26,1.32867157740666
2006-01-27,1.05388227161559
2006-01-30,0.136140378686545
2006-01-31,0.151739223198573
2006-02-01,0.551721845791342
2006-02-02,-0.804803655720068
2006-02-03,0.0823782768730101
2006-02-06,0.104830385440892
2006-02-07,0.0676113341551469
2006-02-08,-0.0656366069406763
2006-02-09,0.811833140089625
2006-02-10,-0.437577195302103
2006-02-13,0.574839765424605
2006-02-14,0.0762434483740532
2006-02-15,0.0129877041428663
2006-02-16,0.260152659571712
2006-02-17,0.0671713444370259
2006-02-20,-0.0128314802458492
2006-02-21,0.0759736633793353
2006-02-22,0.627859943464091
2006-02-23,-0.039663406301436
2006-02-24,0.134411735753603
2006-02-27,0.45250325192287
2006-02-28,-1.21192328188759
2006-03-01,0.725694264877437
2006-03-02,-0.849274500466489
2006-03-03,-0.64106226480293
2006-03-06,0.342258029791933
2006-03-07,-0.150663364204595
2006-03-08,-0.686985064180812
2006-03-09,0.619348940007769
2006-03-10,0.755609906998578
2006-03-13,0.517590714188109
2006-03-14,0.163064530724895
2006-03-15,0.283042379589532
2006-03-16,-0.00404950836684838
2006-03-17,-0.153311249844971
2006-03-20,0.209794885231737
2006-03-21,0.0946332049502601
2006-03-22,0.209167837605837
2006-03-23,0.151746722507322
2006-03-24,0.26376483041871
2006-03-27,-0.608890160705754
2006-03-28,-0.215956359383601
2006-03-29,0.247280683022675
2006-03-30,0.69969488817931
2006-03-31,-0.138046389283254
2006-04-03,0.540402900715592
2006-04-04,-0.0982706108140727
2006-04-05,0.155179785217462
2006-04-06,0.0246261476154416
2006-04-07,-0.779160609689896
2006-04-10,0.507236714493221
2006-04-11,-0.948975165977476
2006-04-12,-0.0700862326753113
2006-04-13,0.177962723045783
2006-04-18,-0.158630068691678
2006-04-19,0.918438367991102
2006-04-20,0.691649822777019
2006-04-21,0.312108107186177
2006-04-24,-0.150711467943998
2006-04-25,8.80595743603605e-05
2006-04-26,0.280524642760165
2006-04-27,-0.38340978919416
2006-04-28,-0.569185555802814
2006-05-02,0.41293014947945
2006-05-03,-0.815180238340457
2006-05-04,0.70280202052882
2006-05-05,0.729972657119173
2006-05-08,0.146274605845597
2006-05-09,0.126969563542756
2006-05-10,-0.214728200296181
2006-05-11,-0.62170836046745
2006-05-12,-1.37844784871525
2006-05-15,-0.598177982789693
2006-05-16,-0.0491903992701931
2006-05-17,-2.06541231820153
2006-05-18,0.143815945051174
2006-05-19,0.0683564505226636
2006-05-22,-1.33907150169244
2006-05-23,1.41029350578927
2006-05-24,-0.964661440122943
2006-05-25,1.2597940945628
2006-05-26,0.858170044023156
2006-05-29,-0.342046122837231
2006-05-30,-1.38909642471948
2006-05-31,0.746404341751088
2006-06-01,0.157265304222206
2006-06-02,-0.212478031932203
2006-06-05,-0.69261592241518
2006-06-06,-1.26821625383551
2006-06-07,0.447553238951554
2006-06-08,-1.75323443517196
2006-06-09,0.892669827588794
2006-06-12,-0.750827360483309
2006-06-13,-1.15279303781242
2006-06-14,0.159030695907474
2006-06-15,1.29705005694559
2006-06-16,-0.508215089028229
2006-06-19,0.701149420142695
2006-06-20,0.597056901604118
2006-06-21,0.109379713402014
2006-06-22,0.327715373489242
2006-06-23,-0.0367941715286319
2006-06-26,-0.160476389066758
2006-06-27,-0.600939341096773
2006-06-28,-0.0220108074668037
2006-06-29,1.35340938285581
2006-06-30,1.08066776479076
2006-07-03,0.310876012631982
2006-07-04,0.173307519030419
2006-07-05,-1.08458816205022
2006-07-06,0.739797713451914
2006-07-07,-0.140051509688295
2006-07-10,0.259589284390054
2006-07-11,-0.949481762760316
2006-07-12,0.234101623800429
2006-07-13,-1.17954764774714
2006-07-14,-1.14326598720661
2006-07-17,-0.0550262255025406
2006-07-18,-0.219188173959106
2006-07-19,1.55874754469583
2006-07-20,0.0732990150983436
2006-07-21,-1.0268835362261
2006-07-24,1.37883248606753
2006-07-25,-0.128792220811239
2006-07-26,0.18871039024902
2006-07-27,0.81010302010225
2006-07-28,0.490091283194366
2006-07-31,-0.24303362020964
2006-08-01,-0.89968407398372
2006-08-02,0.893469715057078
2006-08-03,-0.427431643266062
2006-08-04,0.875415618730662
2006-08-07,-1.01117750691276
2006-08-08,0.270343356942486
2006-08-09,0.538268582440877
2006-08-10,-0.754283436843215
2006-08-11,-0.0245387333899667
2006-08-14,0.674319739372317
2006-08-15,0.886118702887376
2006-08-16,0.375397506388077
2006-08-17,0.21389969475842
2006-08-18,-0.166122322598918
2006-08-21,-0.225318034511805
2006-08-22,0.245461404910491
2006-08-23,-0.438723048301803
2006-08-24,0.40013629735451
2006-08-25,-0.0238786929122839
2006-08-28,0.44850720868366
2006-08-29,-0.0784137217082654
2006-08-30,0.212061532831232
2006-08-31,-0.0781378194113625
2006-09-01,0.175649003799893
2006-09-04,0.339189789228214
2006-09-05,-0.256838773397322
2006-09-06,-0.722182624859389
2006-09-07,-0.402606390240355
2006-09-08,0.225327178684999
2006-09-11,0.0359050434252882
2006-09-12,0.774421587850641
2006-09-13,0.330142244453365
2006-09-14,0.0155756490909394
2006-09-15,0.310490968089342
2006-09-18,-0.113242951197548
2006-09-19,-0.532245664683429
2006-09-20,0.82012407681342
2006-09-21,0.0796168108657417
2006-09-22,-0.790755984860636
2006-09-25,0.188818152819149
2006-09-26,0.596723714302678
2006-09-27,0.293593077962937
2006-09-28,-0.0025470364152888
2006-09-29,0.154016254466513
2006-10-02,-0.0455219045226499
2006-10-03,-0.0691773979561506
2006-10-04,0.540203898874953
2006-10-05,0.28781019757456
2006-10-06,0.106458995921835
2006-10-09,-0.0109993777361891
2006-10-10,0.329002736583746
2006-10-11,0.019920855349595
2006-10-12,0.400088785598391
2006-10-13,0.1327048458799
2006-10-16,0.127210808050375
2006-10-17,-0.690724257609373
2006-10-18,0.660290200928964
2006-10-19,-0.0488597359754525
2006-10-20,0.247995466169662
2006-10-23,0.387689583790456
2006-10-24,0.047021822597586
2006-10-25,0.16903793727931
2006-10-26,0.186351497062842
2006-10-27,-0.203169507073057
2006-10-30,-0.0385605461591971
2006-10-31,0.105245971946384
2006-11-01,0.221459919809739
2006-11-02,-0.651493872835044
2006-11-03,0.173701811739549
2006-11-06,0.853285964386453
2006-11-07,0.297580877439813
2006-11-08,-0.116401437302257
2006-11-09,0.0914772409411886
2006-11-10,-0.00561037656808552
2006-11-13,0.339777220192346
2006-11-14,-0.0564058509701726
2006-11-15,0.408376156816652
2006-11-16,0.115479145922784
2006-11-17,-0.281936504250902
2006-11-20,0.37404523157667
2006-11-21,0.0774929591388855
2006-11-22,0.148265935166102
2006-11-23,-0.00517865532125638
2006-11-24,-0.583665339254806
2006-11-27,-1.0664375947615
2006-11-28,-0.153633260917495
2006-11-29,0.778619532249802
2006-11-30,-0.511769754222269
2006-12-01,-0.644810165288665
2006-12-04,0.518394459634909
2006-12-05,0.734336106747907
2006-12-06,-0.0279026928669106
2006-12-07,0.409602900598642
2006-12-08,0.136702405410235
2006-12-11,0.392014039292223
2006-12-12,0.0652167867038759
2006-12-13,0.412819901427362
2006-12-14,0.293568075550526
2006-12-15,0.332418879495014
2006-12-18,0.07920834830769
2006-12-19,-0.394340152332921
2006-12-20,0.30653755287399
2006-12-21,-0.114593076331014
2006-12-22,-0.644018626528552
2006-12-27,0.966107796011015
2006-12-28,0.0295893171418102
2006-12-29,-0.131710282068865
2007-01-02,0.760466372720569
2007-01-03,0.0939551785234122
2007-01-04,-0.148270054058378
2007-01-05,-0.729086052848478
2007-01-08,0.134137814291953
2007-01-09,0.0641860083317357
2007-01-10,-0.430313096409825
2007-01-11,1.09107773828996
2007-01-12,0.162315122260326
2007-01-15,0.2391246417991
2007-01-16,-0.129575540995051
2007-01-17,-0.131652484418303
2007-01-18,-0.104810531067288
2007-01-19,0.514520793188451
2007-01-22,-0.529272746948108
2007-01-23,-0.0719485880953157
2007-01-24,0.620653491115511
2007-01-25,-0.25239474293519
2007-01-26,-0.257507897219313
2007-01-29,0.320503108570937
2007-01-30,0.55286491296939
2007-01-31,0.0106787613579615
2007-02-01,0.547341120883341
2007-02-02,0.30274237267277
2007-02-05,-0.0986263094659714
2007-02-06,0.0171837914444309
2007-02-07,0.348159375625505
2007-02-08,-0.333339247144466
2007-02-09,0.300771459129967
2007-02-12,-0.445156779686567
2007-02-13,0.314599734839341
2007-02-14,0.570485826746212
2007-02-15,-0.0190298866110422
2007-02-16,-0.0103671381483905
2007-02-19,0.259999695799553
2007-02-20,-0.0327165298383451
2007-02-21,-0.350903445735481
2007-02-22,0.278213266049518
2007-02-23,0.164147941477646
2007-02-26,0.301203267742759
2007-02-27,-1.79085318881381
2007-02-28,-0.916709610901928
2007-03-01,-0.669606758939197
2007-03-02,-0.33004603427147
2007-03-05,-0.62211357697547
2007-03-06,0.552692361960231
2007-03-07,0.208598551230905
2007-03-08,0.858440986207094
2007-03-09,0.0321983390297109
2007-03-12,-0.0062221255287479
2007-03-13,-0.816382219265593
2007-03-14,-1.60802925282685
2007-03-15,1.26559295317698
2007-03-16,-0.0478694705265567
2007-03-19,0.828070588115383
2007-03-20,0.260910844907656
2007-03-21,0.107755144148541
2007-03-22,1.27849633984829
2007-03-23,0.368493931323344
2007-03-26,-0.60821456952406
2007-03-27,0.260550204297555
2007-03-28,-0.359101929573169
2007-03-29,0.701372428832926
2007-03-30,0.175435308879845
2007-04-02,0.176574237101616
2007-04-03,0.928850073152835
2007-04-04,0.242764900691539
2007-04-05,0.222041551417245
2007-04-10,0.561875385466891
2007-04-11,-0.112507187481408
2007-04-12,-0.0796121592906172
2007-04-13,0.578069083343206
2007-04-16,1.03723175606142
2007-04-17,0.0905262522902835
2007-04-18,-0.539868659206734
2007-04-19,-0.32278846554177
2007-04-20,0.820329489162185
2007-04-23,-0.0533745750005871
2007-04-24,-0.53107456369073
2007-04-25,0.59765257857476
2007-04-26,0.359240443400425
2007-04-27,-0.0690602457248355
2007-04-30,0.251324886748261
2007-05-02,0.381082266036667
2007-05-03,0.168993614112916
2007-05-04,0.322151928702954
2007-05-07,0.0738454465704803
2007-05-08,-0.663321101825394
2007-05-09,0.273480576281729
2007-05-10,-0.483622212673569
2007-05-11,0.516251980342968
2007-05-14,-0.154813629323088
2007-05-15,0.368015554495524
2007-05-16,-0.189141256080222
2007-05-17,0.148447435325288
2007-05-18,0.857171049868648
2007-05-21,0.0952645529964174
2007-05-22,0.316270407798088
2007-05-23,0.596388500986163
2007-05-24,-0.295029863496347
2007-05-25,0.326529460006259
2007-05-29,0.324939087136013
2007-05-30,-0.120532821899764
2007-05-31,0.904202951756189
2007-06-01,0.791746325763434
2007-06-04,-0.0798113924393552
2007-06-05,-0.425050532671084
2007-06-06,-1.44558430954562
2007-06-07,-0.864309209636907
2007-06-08,-0.217823557391826
2007-06-11,0.905620420644685
2007-06-12,-0.213212486472898
2007-06-13,0.0223791253380596
2007-06-14,1.29818862491854
2007-06-15,1.36804465712469
2007-06-18,0.0436767088160547
2007-06-19,-0.0163883946661446
2007-06-20,0.424963105421625
2007-06-21,-0.932832534237943
2007-06-22,-0.110244782397463
2007-06-25,-0.140122748342643
2007-06-26,-0.527226471399204
2007-06-27,-0.44923880116195
2007-06-28,0.915578288065192
2007-06-29,0.64752933279548
2007-07-02,-0.364248746910392
2007-07-03,0.692647795178343
2007-07-04,0.185000005213848
2007-07-05,-0.65242624498378
2007-07-06,0.45872800182567
2007-07-09,0.21826035540717
2007-07-10,-0.835678308927278
2007-07-11,-0.49567445615
2007-07-12,1.1627473076327
2007-07-13,0.293961330095577
2007-07-16,0.0982064600611413
2007-07-17,-0.496330430227017
2007-07-18,-1.08118705890834
2007-07-19,0.73683765275392
2007-07-20,-0.873067926688081
2007-07-23,0.526652605987214
2007-07-24,-1.03918120983699
2007-07-25,-0.877456841930709
2007-07-26,-1.43966847706342
2007-07-27,-0.454381783241639
2007-07-30,0.0400330531870387
2007-07-31,1.01812548464238
2007-08-01,-0.871288735959375
2007-08-02,0.482050705951758
2007-08-03,-0.782686073696191
2007-08-06,0.0734149357899332
2007-08-07,0.555598919581223
2007-08-08,0.731952842781338
2007-08-09,-1.20546105449028
2007-08-10,-0.887691397799098
2007-08-13,1.05951440165988
2007-08-14,-0.391966761419286
2007-08-15,0.17024427153746
2007-08-16,-1.4242764114156
2007-08-17,0.885388208087135
2007-08-20,0.239146291717687
2007-08-21,0.141609408857098
2007-08-22,0.608996073275842
2007-08-23,0.0942758502446311
2007-08-24,-0.0343611955904404
2007-08-27,-0.166590323461205
2007-08-28,-0.443491487475168
2007-08-29,0.0747509094668767
2007-08-30,0.647787118146733
2007-08-31,0.934593277415993
2007-09-03,0.0842763251820393
2007-09-04,0.571705564237054
2007-09-05,-1.04050184761154
2007-09-06,0.267509119622132
2007-09-07,-1.46528460309946
2007-09-10,-0.490499484415514
2007-09-11,0.666944753116995
2007-09-12,0.123653987092682
2007-09-13,0.5041460814093
2007-09-14,-0.300803764135865
2007-09-17,-0.139732916216798
2007-09-18,0.759515240314879
2007-09-19,1.37177397246646
2007-09-20,-0.118543659571538
2007-09-21,0.459347851005632
2007-09-24,-0.0469642115623665
2007-09-25,-0.138945902553084
2007-09-26,0.269151082488959
2007-09-27,0.38160880296672
2007-09-28,0.0616129148888103
2007-10-01,0.46387227502152
2007-10-02,0.186364772746896
2007-10-03,0.0668575529071536
2007-10-04,-0.0745122347377692
2007-10-05,0.431290855916004
2007-10-08,-0.204976337965294
2007-10-09,0.0483795378550949
2007-10-10,0.048793656812766
2007-10-11,0.35425576732781
2007-10-12,0.0591855763219507
2007-10-15,-0.532637423931762
2007-10-16,-0.0482677789000879
2007-10-17,0.17347465652815
2007-10-18,-0.477715454547303
2007-10-19,-0.278792238097719
2007-10-22,-0.676448466050376
2007-10-23,0.368425702350552
2007-10-24,-0.102469756365135
2007-10-25,0.787146597747042
2007-10-26,0.128761800571102
2007-10-29,0.455751654315456
2007-10-30,-0.234119057744469
2007-10-31,0.311157956395763
2007-11-01,-1.03654750737947
2007-11-02,-0.235186623122941
2007-11-05,-0.317014263131226
2007-11-06,0.152979968953891
2007-11-07,-0.207795158221292
2007-11-08,0.154736245754173
2007-11-09,-0.0510851208102497
2007-11-12,-0.0395814807796793
2007-11-13,-0.221474673237496
2007-11-14,0.0455390303595456
2007-11-15,-0.894486206415528
2007-11-16,-0.425222415546254
2007-11-19,-0.789117122034482
2007-11-20,0.936435031346733
2007-11-21,-0.879303699693342
2007-11-22,0.348901793732958
2007-11-23,0.371873911443402
2007-11-26,-0.324473024664748
2007-11-27,-0.281933910556033
2007-11-28,1.50876936360993
2007-11-29,0.323201049338715
2007-11-30,0.807583875057284
2007-12-03,-0.249976528436467
2007-12-04,-0.213259561806154
2007-12-05,1.03281998342188
2007-12-06,-0.028568007582374
2007-12-07,0.403892389950672
2007-12-10,0.295745324646308
2007-12-11,-0.175304455442448
2007-12-12,0.498224087460349
2007-12-13,-1.10022707313559
2007-12-14,0.153778133922735
2007-12-17,-0.927868966802206
2007-12-18,0.195709540360743
2007-12-19,-0.0992385569948418
2007-12-20,0.245300611763946
2007-12-21,1.00746692816849
2007-12-27,0.270473858659887
2007-12-28,0.215929270546128
2008-01-02,-0.878640557145849
2008-01-03,-0.303629088221814
2008-01-04,-0.754906992902573
2008-01-07,0.0677582022423684
2008-01-08,0.253152020623261
2008-01-09,-0.511128863198151
2008-01-10,-0.533707939248585
2008-01-11,0.0405559663130532
2008-01-14,0.111712559628838
2008-01-15,-1.29036617865545
2008-01-16,-0.750133084021825
2008-01-17,-0.462801275642815
2008-01-18,-0.802900324204086
2008-01-21,-4.43647485052615
2008-01-22,-0.179580779302089
2008-01-23,-2.98417339455207
2008-01-24,3.44354974629745
2008-01-25,-0.0349862836601292
2008-01-28,0.0214201468223537
2008-01-29,0.648517725371878
2008-01-30,-0.1498346542441
2008-01-31,-0.202414347103183
2008-02-01,1.01345067180597
2008-02-04,0.275016023202211
2008-02-05,-2.0384158006354
2008-02-06,0.724729049759745
2008-02-07,-0.997844586679284
2008-02-08,0.299844601275196
2008-02-11,-0.206939291893631
2008-02-12,1.95705637145023
2008-02-13,0.0528856955942678
2008-02-14,-0.0946857074736804
2008-02-15,-1.1214255275862
2008-02-19,1.46952058183356
2008-02-20,-0.878690989981323
2008-02-21,0.0476706629661524
2008-02-22,-0.855678551907679
2008-02-25,0.668448513378699
2008-02-26,0.893581584842725
2008-02-27,0.104411170118088
2008-02-28,-1.16332793381286
2008-02-29,-1.00094708676328
2008-03-03,-0.514197251636353
2008-03-04,-1.30490794592112
2008-03-05,1.25505099631481
2008-03-06,-0.828459016137071
2008-03-07,-0.70177885583812
2008-03-10,-0.604421067262432
2008-03-11,0.70721688597397
2008-03-12,0.68371632768137
2008-03-13,-0.898020499068379
2008-03-14,-0.445793889206865
2008-03-17,-2.54625330309998
2008-03-18,2.00805930559917
2008-03-19,-0.298328091862769
2008-03-20,-0.385408456314769
2008-03-25,1.90680715080888
2008-03-26,-0.322428529959619
2008-03-27,0.814640476514049
2008-03-28,-0.162164887581432
2008-03-31,-0.22446043541946
2008-04-01,1.67333135812399
2008-04-02,0.508315839124832
2008-04-03,-0.312655574040161
2008-04-04,0.194594435977459
2008-04-07,0.509752400130284
2008-04-08,-0.428074971446819
2008-04-09,-0.445156652919581
2008-04-10,-0.148662354928536
2008-04-11,-0.901354177643778
2008-04-14,-0.442594877387299
2008-04-15,0.280740934434116
2008-04-16,1.06177138868867
2008-04-17,-0.184733714189529
2008-04-18,1.42724750873722
2008-04-21,-0.492469271120746
2008-04-22,-0.511878345681383
2008-04-23,0.592330459922186
2008-04-24,0.233555893164405
2008-04-25,0.658244649195161
2008-04-28,0.251384631066352
2008-04-29,-0.342924251667267
2008-04-30,0.551026507614661
2008-05-02,0.808885928138957
2008-05-05,0.0779322381605862
2008-05-06,-0.294035288087271
2008-05-07,0.504248177202644
2008-05-08,-0.0337871898303685
2008-05-09,-0.580324540567032
2008-05-12,0.281827853885275
2008-05-13,0.208335531507981
2008-05-14,0.197598954591073
2008-05-15,-0.015530594705508
2008-05-16,0.636337696881854
2008-05-19,0.579212939520047
2008-05-20,-0.891716089932244
2008-05-21,-0.652270827069517
2008-05-22,0.252640354604951
2008-05-23,-1.07337106058412
2008-05-26,0.0870762819069736
2008-05-27,0.0443186218292953
2008-05-28,0.644701197923038
2008-05-29,0.182583871495884
2008-05-30,0.355400240889219
2008-06-02,-0.742413931924997
2008-06-03,0.0911498895573285
2008-06-04,-0.455723874279646
2008-06-05,-0.199754139803842
2008-06-06,-1.19644026885866
2008-06-09,0.106599841900823
2008-06-10,-0.38853739713485
2008-06-11,-1.07251264616248
2008-06-12,0.577247247000448
2008-06-13,0.453074682322442
2008-06-16,-0.310737639820755
2008-06-17,0.588238474004642
2008-06-18,-0.590972751775534
2008-06-19,-0.0657982465886494
2008-06-20,-1.27897200111541
2008-06-23,0.102897857523729
2008-06-24,-0.483012593484472
2008-06-25,0.745549840221423
2008-06-26,-1.44243255839638
2008-06-27,-0.346544863341122
2008-06-30,-0.030458204392034
2008-07-01,-0.95738066484374
2008-07-02,-0.0966203446325588
2008-07-03,0.458856831749131
2008-07-04,-0.768363381830576
2008-07-07,1.16781097188694
2008-07-08,-0.856122893216221
2008-07-09,0.775186305378301
2008-07-10,-0.763723197571609
2008-07-11,-1.45155866236598
2008-07-14,0.456889329134449
2008-07-15,-1.15001673179024
2008-07-16,0.722026194890128
2008-07-17,1.11699185083634
2008-07-18,1.05431191309649
2008-07-21,0.396406822339621
2008-07-22,0.169558381800622
2008-07-23,0.861587021556275
2008-07-24,-0.87508932413298
2008-07-25,-0.0340719707522041
2008-07-28,-0.796240998075284
2008-07-29,0.449333505253992
2008-07-30,0.572530803369427
2008-07-31,0.182384572419886
2008-08-01,-0.767947908845235
2008-08-04,-0.434217092001354
2008-08-05,1.57064384633688
2008-08-06,0.392772445384693
2008-08-07,-0.160211881708866
2008-08-08,0.168452633820077
2008-08-11,0.438046460787498
2008-08-12,-0.212135552982169
2008-08-13,-1.50010174939019
2008-08-14,0.18881988893864
2008-08-15,0.0382469891431573
2008-08-18,-0.118928414937547
2008-08-19,-1.41041284343881
2008-08-20,0.338228166811494
2008-08-21,-0.766172232135865
2008-08-22,1.00432636111191
2008-08-25,-0.42676311761873
2008-08-26,0.414743782078296
2008-08-27,-0.18092382187202
2008-08-28,0.935797885699487
2008-08-29,0.0193058963265571
2008-09-01,-0.00171262465023231
2008-09-02,0.895257220895073
2008-09-03,-0.465975796923572
2008-09-04,-1.75805999351984
2008-09-05,-1.46171236710623
2008-09-08,1.31684501067517
2008-09-09,-0.286948362536793
2008-09-10,-0.218697720193493
2008-09-11,-0.299982451525813
2008-09-12,0.54166969886566
2008-09-15,-1.65523793087469
2008-09-16,-0.97999582327155
2008-09-17,-1.04940776459805
2008-09-18,0.0277949768471307
2008-09-19,2.78888036348445
2008-09-22,-0.344831954922772
2008-09-23,-0.3817951868828
2008-09-24,-0.151376188331219
2008-09-25,1.1769078779713
2008-09-26,-1.06624234836353
2008-09-29,-2.57760960045125
2008-09-30,0.248638112149009
2008-10-01,-0.250477594238619
2008-10-02,-1.51480795358772
2008-10-03,1.42494882411801
2008-10-06,-4.37798184947959
2008-10-07,-0.670233040455966
2008-10-08,-3.61385948625788
2008-10-09,-1.52472672860992
2008-10-10,-4.3390132530163
2008-10-13,6.45139754840335
2008-10-14,1.59466462623231
2008-10-15,-4.0061440798725
2008-10-16,-3.00532045887823
2008-10-17,2.01652379413609
2008-10-20,0.669700020403384
2008-10-21,-0.625366893163409
2008-10-22,-2.72130509734217
2008-10-23,-0.672022384641325
2008-10-24,-3.03321385110397
2008-10-27,0.542287740897014
2008-10-28,6.38428335481142
2008-10-29,-0.180095326078315
2008-10-30,0.75098433567868
2008-10-31,1.4409722184701
2008-11-03,0.466531572498637
2008-11-04,2.91517571448789
2008-11-05,-1.26840813791806
2008-11-06,-4.22705600017844
2008-11-07,1.53268758756883
2008-11-10,1.04672087055194
2008-11-11,-3.21914592394294
2008-11-12,-1.78942081716152
2008-11-13,0.372982789580861
2008-11-14,0.777822309546029
2008-11-17,-1.9687902034645
2008-11-18,0.293156756926966
2008-11-19,-3.01109021985196
2008-11-20,-1.86236627898232
2008-11-21,-1.32482757345197
2008-11-24,5.88127253071214
2008-11-25,0.0827433670724378
2008-11-26,0.00398478371983432
2008-11-27,1.35942902038969
2008-11-28,0.0562951254793143
2008-12-01,-3.61737369168841
2008-12-02,1.83623814042415
2008-12-03,0.468295526092672
2008-12-04,-0.0364350955949157
2008-12-05,-2.43763395076212
2008-12-08,4.39556372615718
2008-12-09,0.798362249619044
2008-12-10,0.324105915544511
2008-12-11,-0.467250307881358
2008-12-12,-1.31218676084411
2008-12-15,-0.10665991959864
2008-12-16,0.958664011595817
2008-12-17,-0.2695309718908
2008-12-18,0.608946823870344
2008-12-19,-0.75140794430661
2008-12-22,-0.735047243653252
2008-12-23,-0.121295766891047
2008-12-24,0.00293713533093653
2008-12-26,0.00293713533093653
2008-12-29,0.968824764154442
2008-12-30,1.32533986106088
2009-01-02,1.99160104524643
2009-01-05,0.133932490684257
2009-01-06,0.50790688491304
2009-01-07,-1.06208868861568
2009-01-08,-0.697379381476167
2009-01-09,-1.18390312416692
2009-01-12,-0.804846580240702
2009-01-13,-1.0525665996018
2009-01-14,-2.82689563811833
2009-01-15,-1.16466470944337
2009-01-16,0.408495983187647
2009-01-19,-0.686846006498249
2009-01-20,-1.06212039051255
2009-01-21,0.302215074799838
2009-01-22,-0.584810723511116
2009-01-23,-0.572785877062839
2009-01-26,2.08047324750585
2009-01-27,-0.0447007702939353
2009-01-28,2.6415744777874
2009-01-29,-1.20678604635935
2009-01-30,-1.22009530000081
2009-02-02,-0.930919624673365
2009-02-03,1.43865475705532
2009-02-04,1.59013915302497
2009-02-05,0.237758321791539
2009-02-06,1.75314467591538
2009-02-09,0.287583091117817
2009-02-10,-2.09749374738862
2009-02-11,0.327469740037776
2009-02-12,-1.63467296924184
2009-02-13,0.081880833368135
2009-02-17,-2.72122049425782
2009-02-18,-0.16215444267607
2009-02-19,0.148338147271335
2009-02-20,-2.90831545180542
2009-02-23,-1.17199488640127
2009-02-24,-0.617758595804308
2009-02-25,-0.761382850209209
2009-02-26,1.48148792788552
2009-02-27,-1.51397887441496
2009-03-02,-2.11092878769156
2009-03-03,-0.309360062077744
2009-03-04,3.15800243370293
2009-03-05,-3.07499147333612
2009-03-06,-0.468877008714448
2009-03-09,0.418808805222649
2009-03-10,3.07599528365825
2009-03-11,0.418178789227383
2009-03-12,0.642177700881866
2009-03-13,-0.0366267482824896
2009-03-16,1.36109068593682
2009-03-17,-0.841271661705273
2009-03-18,0.130847302307445
2009-03-19,0.703286274515437
2009-03-20,0.375160846758147
2009-03-23,1.5622230836039
2009-03-24,0.159887434185801
2009-03-25,0.513200639829074
2009-03-26,0.510981100333598
2009-03-27,-0.784906632188272
2009-03-30,-3.12238445618685
2009-03-31,1.41624262764751
2009-04-01,0.676211602959673
2009-04-02,3.52357970600023
2009-04-03,0.0447640715440751
2009-04-06,-0.478134141030558
2009-04-07,-0.373205489618292
2009-04-08,0.490324692136647
2009-04-09,1.80100085931543
2009-04-13,0.00293713533093653
2009-04-14,0.872763489461348
2009-04-15,-0.091759750825931
2009-04-16,0.781092790220382
2009-04-17,0.869619835215858
2009-04-20,-2.48116046670694
2009-04-21,0.206663438069914
2009-04-22,1.22144296162122
2009-04-23,-0.732232253371309
2009-04-24,1.76778360573044
2009-04-27,0.254743666597911
2009-04-28,-1.10980059976359
2009-04-29,1.24898873698664
2009-04-30,0.821053228495986
2009-05-01,0.00293713533093653
2009-05-04,1.64553566171082
2009-05-05,-0.60215571623465
2009-05-06,0.342602859266663
2009-05-07,-0.941923215293727
2009-05-08,1.35254666417969
2009-05-11,-0.570912583172142
2009-05-12,-0.154338914557872
2009-05-13,-1.57408029359501
2009-05-14,0.139969784673263
2009-05-15,-0.00928964944846048
2009-05-18,1.42869056293808
2009-05-19,1.31361832285782
2009-05-20,0.95052298859907
2009-05-21,-1.65875607051772
2009-05-22,0.222863497049277
2009-05-25,-0.000705485465467642
2009-05-26,0.812786147239515
2009-05-27,0.184381076624632
2009-05-28,-0.813396940503489
2009-05-29,0.0989887958925115
2009-06-01,2.39299298156607
2009-06-02,0.0203545132162948
2009-06-03,-1.0456482908605
2009-06-04,0.124159581324291
2009-06-05,0.146974295424287
2009-06-08,-0.853773372876459
2009-06-09,-0.0789803023192425
2009-06-10,0.636710306130378
2009-06-11,0.662338142395088
2009-06-12,-0.443314586933157
2009-06-15,-2.14770349019373
2009-06-16,0.0124626982625212
2009-06-17,-1.11552304765676
2009-06-18,0.467703916870751
2009-06-19,0.0273765813327486
2009-06-22,-1.82729542844972
2009-06-23,0.177645602411527
2009-06-24,1.61587087784022
2009-06-25,-0.436462737735257
2009-06-26,-0.297512082056268
2009-06-29,1.34584139229195
2009-06-30,-0.939082128224592
2009-07-01,1.19322571359602
2009-07-02,-2.31761782701887
2009-07-03,-0.127318886356384
2009-07-06,-0.716668104849737
2009-07-07,-0.689586611424046
2009-07-08,-0.329704883779565
2009-07-09,0.748212601022985
2009-07-10,-0.694555311021296
2009-07-13,1.8788907686205
2009-07-14,0.748840865799637
2009-07-15,1.80824112908139
2009-07-16,0.350312432097859
2009-07-17,0.257920516384469
2009-07-20,0.620537111115534
2009-07-21,0.755892925546694
2009-07-22,0.325530969172682
2009-07-23,1.45124100695476
2009-07-24,-0.201368627537782
2009-07-27,0.25582219281033
2009-07-28,-0.87701698786674
2009-07-29,1.09596798233543
2009-07-30,1.01797314177711
2009-07-31,-0.315646391869795
2009-08-03,1.05441409332524
2009-08-04,-0.105339198724756
2009-08-05,-0.706967867615134
2009-08-06,0.191967038950148
2009-08-07,0.984414837214152
2009-08-10,-0.445539333075913
2009-08-11,-1.47357064032023
2009-08-12,0.724827291056577
2009-08-13,0.56976472707597
2009-08-14,-1.02310294637812
2009-08-17,-1.21873691801783
2009-08-18,0.56437309788243
2009-08-19,-0.210821427546639
2009-08-20,0.898865239536308
2009-08-21,1.6846518167415
2009-08-24,0.622975174875097
2009-08-25,0.405583966082081
2009-08-26,-0.375694813291719
2009-08-27,-0.558194901851216
2009-08-28,0.514081388190011
2009-08-31,-0.642533365630007
2009-09-01,-1.44514683319669
2009-09-02,-0.0806400990205378
2009-09-03,-0.204209665329143
2009-09-04,0.93082241582852
2009-09-07,0.873682735097222
2009-09-08,0.20176978217516
2009-09-09,1.00261315452739
2009-09-10,0.222275650961055
2009-09-11,0.314356091555756
2009-09-14,-0.0372165254721201
2009-09-15,0.0957382769161026
2009-09-16,0.754450751407839
2009-09-17,0.325595653886412
2009-09-18,-0.282329976594014
2009-09-21,-0.366555892340162
2009-09-22,0.430513213612525
2009-09-23,-0.0737863233989479
2009-09-24,-1.02005484705608
2009-09-25,-0.251185257249784
2009-09-28,1.63780930544463
2009-09-29,-0.23480714043427
2009-09-30,-0.399382343098003
2009-10-01,-1.27997137276581
2009-10-02,-0.936058524990274
2009-10-05,0.448538340516001
2009-10-06,1.59458494524912
2009-10-07,-0.175620168819287
2009-10-08,0.800028028968459
2009-10-09,-0.0457667891342345
2009-10-12,0.744333807502336
2009-10-13,-0.713057470395016
2009-10-14,1.44674879361042
2009-10-15,-0.235952951745381
2009-10-16,-0.898831277759143
2009-10-19,1.12747482735126
2009-10-20,-0.414758451448642
2009-10-21,0.225716696516181
2009-10-22,-0.723844934611934
2009-10-23,-0.232562319630484
2009-10-26,-1.02641855506459
2009-10-27,-0.0726872689066923
2009-10-28,-1.48599257977982
2009-10-29,0.985562675702741
2009-10-30,-1.86979598379834
2009-11-02,0.177602546572009
2009-11-03,-0.85512455061199
2009-11-04,1.00828498298823
2009-11-05,0.404068060316289
2009-11-06,0.0827539663727415
2009-11-09,1.41669962291655
2009-11-10,-0.0663925433833747
2009-11-11,0.586845118279574
2009-11-12,-0.0433340158694144
2009-11-13,0.243597667310681
2009-11-16,1.22936576965235
2009-11-17,-0.269191297658202
2009-11-18,0.0977401813540408
2009-11-19,-0.885180568765907
2009-11-20,-0.407250360555677
2009-11-23,1.44419476520211
2009-11-24,-0.329151013535843
2009-11-25,0.350876351118677
2009-11-26,-1.97294749029153
2009-11-27,0.758101439668587
2009-11-30,-0.627046084242493
2009-12-01,1.5812208694652
2009-12-02,0.0553307798740776
2009-12-03,-0.114211153698996
2009-12-04,0.490487263743603
2009-12-07,-0.335761492345288
2009-12-08,-0.998271326027433
2009-12-09,-0.426313726392944
2009-12-10,0.646394255162485
2009-12-11,0.495392043510624
2009-12-14,0.477985302219905
2009-12-15,0.0963234597035041
2009-12-16,0.941907448468773
2009-12-17,-0.596836157457719
2009-12-18,-0.132408162265275
2009-12-21,1.01158521969883
2009-12-22,0.155407490557422
2009-12-23,0.120844529122401
2009-12-28,0.457132299931592
2009-12-29,0.0887338112640635
2009-12-30,-0.537154953014483
