"date","SP500"
2000-01-04,-2.7837549919057
2000-01-05,0.144656641716935
2000-01-06,0.0757552293543035
2000-01-07,1.9158240583646
2000-01-10,0.801980807973067
2000-01-11,-0.931128323208974
2000-01-12,-0.30627158423867
2000-01-13,0.871114460132107
2000-01-14,0.765354792930878
2000-01-18,-0.48185884705664
2000-01-19,0.0448362807792325
2000-01-20,-0.500780784282851
2000-01-21,-0.200657582972264
2000-01-24,-1.99298977414624
2000-01-25,0.439221404508075
2000-01-26,-0.293820767986998
2000-01-27,-0.274166641017351
2000-01-28,-1.98000959492658
2000-01-31,1.78553407811784
2000-02-01,0.762278448442153
2000-02-02,-0.000545951359109404
2000-02-03,0.806088868754849
2000-02-04,-0.0225064342920358
2000-02-07,0.00104370248073727
2000-02-08,0.878417641919055
2000-02-09,-1.4941480178068
2000-02-10,0.266011011173978
2000-02-11,-1.50537180739596
2000-02-14,0.152548556686756
2000-02-15,0.626863345227496
2000-02-16,-0.728431705970933
2000-02-17,0.0379065872551338
2000-02-18,-2.19462915112837
2000-02-22,0.329289395440912
2000-02-23,0.4559789716283
2000-02-24,-0.374366311258417
2000-02-25,-1.05901764348932
2000-02-28,0.78978803579002
2000-02-29,0.973836089655502
2000-03-01,0.671647969632091
2000-03-02,0.14046592967565
2000-03-03,1.40987180493968
2000-03-06,-0.904575156387807
2000-03-07,-1.84611497021778
2000-03-08,0.588690124171697
2000-03-09,1.81228217000479
2000-03-10,-0.330407245606569
2000-03-13,-0.580793978516357
2000-03-14,-1.26631504815612
2000-03-15,1.71969226915448
2000-03-16,3.33048990335315
2000-03-17,0.300650771603657
2000-03-20,-0.375654247024049
2000-03-21,1.80977944793748
2000-03-22,0.330360252739293
2000-03-23,1.2670688989747
2000-03-24,0.0127010740852032
2000-03-27,-0.160895945825372
2000-03-28,-0.752134177629288
2000-03-29,0.0449561525470978
2000-03-30,-0.974050592479768
2000-03-31,0.517203984694783
2000-04-03,0.35874514423296
2000-04-04,-0.527271076537848
2000-04-05,-0.344833175367941
2000-04-06,0.674960035138462
2000-04-07,0.717759062529742
2000-04-10,-0.554433827111395
2000-04-11,-0.17631845068474
2000-04-12,-1.60036850835757
2000-04-13,-1.30161116944174
2000-04-14,-4.27909448598445
2000-04-17,2.33119278730998
2000-04-18,2.02507512666247
2000-04-19,-0.696129513928975
2000-04-20,0.360271329247825
2000-04-24,-0.225723358014121
2000-04-25,2.34448050321802
2000-04-26,-0.79176957062422
2000-04-27,0.199339330770435
2000-04-28,-0.603730147527952
2000-05-01,0.780947608185011
2000-05-02,-1.0682641331561
2000-05-03,-1.54885795324844
2000-05-04,-0.271970409256571
2000-05-05,1.16602978991207
2000-05-08,-0.415267017411926
2000-05-09,-0.598039317576037
2000-05-10,-1.47843990633982
2000-05-11,1.27432048806086
2000-05-12,0.671305631039376
2000-05-15,1.56795117577968
2000-05-16,0.676850861211195
2000-05-17,-0.886230179146747
2000-05-18,-0.516548813338146
2000-05-19,-1.51159469345497
2000-05-22,-0.309260835436888
2000-05-23,-1.37471051915978
2000-05-24,1.3046642069183
2000-05-25,-0.892610152695861
2000-05-26,-0.173533527197567
2000-05-30,2.27299914500425
2000-05-31,-0.0853493274804765
2000-06-01,1.41132692721129
2000-06-02,1.39585506233121
2000-06-05,-0.459346223906826
2000-06-06,-0.470254762012706
2000-06-07,0.666583923738185
2000-06-08,-0.464155073805615
2000-06-09,-0.223346422405069
2000-06-12,-0.531016613941374
2000-06-13,1.15553748789032
2000-06-14,0.0609815552017425
2000-06-15,0.404057802660405
2000-06-16,-0.6847169821857
2000-06-19,1.0499594808703
2000-06-20,-0.476903319500059
2000-06-21,0.161208324075863
2000-06-22,-1.30518382189914
2000-06-23,-0.520409858134056
2000-06-26,0.689237413007974
2000-06-27,-0.226325790041067
2000-06-28,0.217404093041751
2000-06-29,-0.605022600269942
2000-06-30,0.609345405571046
2000-07-03,0.737062297788742
2000-07-05,-1.13392183220189
2000-07-06,0.521060262838935
2000-07-07,1.08880927901714
2000-07-10,-0.150950681838099
2000-07-11,0.261586155407013
2000-07-12,0.585639416098269
2000-07-13,0.147055964565426
2000-07-14,0.679236381599525
2000-07-17,0.0316679841301908
2000-07-18,-0.788520385046584
2000-07-19,-0.557675292956643
2000-07-20,0.66020262137702
2000-07-21,-0.730400478921159
2000-07-24,-0.763456251975609
2000-07-25,0.502161876869561
2000-07-26,-1.06811520322987
2000-07-27,-0.130201017373009
2000-07-28,-1.4717984676765
2000-07-31,0.555502872079722
2000-08-01,0.369374241374882
2000-08-02,0.0373388454078216
2000-08-03,0.692022795667955
2000-08-04,0.515414615093065
2000-08-07,0.802939399449125
2000-08-08,0.175303866304744
2000-08-09,-0.472135712578195
2000-08-10,-0.60677186461405
2000-08-11,0.57194933491875
2000-08-14,0.957712981431681
2000-08-15,-0.334521745850512
2000-08-16,-0.213046251595951
2000-08-17,0.785783531881582
2000-08-18,-0.200319060866652
2000-08-21,0.377974108820016
2000-08-22,-0.0567430118155667
2000-08-23,0.380185817922757
2000-08-24,0.118401350581854
2000-08-25,-0.0805311654365407
2000-08-28,0.368703631909188
2000-08-29,-0.193112913702018
2000-08-30,-0.336071435319276
2000-08-31,0.720934415913733
2000-09-01,0.15276322706384
2000-09-05,-0.63800931512307
2000-09-06,-0.698418133813081
2000-09-07,0.496727278189538
2000-09-08,-0.374046993833607
2000-09-11,-0.243188873644851
2000-09-12,-0.341795095192856
2000-09-13,0.148083768091227
2000-09-14,-0.186937487822015
2000-09-15,-0.722177363070273
2000-09-18,-1.03744258695612
2000-09-19,0.764140627600461
2000-09-20,-0.412264658094427
2000-09-21,-0.105172970868838
2000-09-22,-0.00870030321086972
2000-09-25,-0.471551629638334
2000-09-26,-0.581254143961399
2000-09-27,-0.0244609470293699
2000-09-28,1.57754854548924
2000-09-29,-1.06672189024125
2000-10-02,-0.00635687304063223
2000-10-03,-0.479735973278334
2000-10-04,0.399852020478046
2000-10-05,0.105048357682116
2000-10-06,-1.36194647843611
2000-10-09,-0.345962602746819
2000-10-10,-0.760861276477468
2000-10-11,-1.15635898720931
2000-10-12,-1.83720755464656
2000-10-13,2.35176765775086
2000-10-16,0.0309341609228798
2000-10-17,-1.28424910982066
2000-10-18,-0.408252022313396
2000-10-19,2.44578620630432
2000-10-20,0.426315798649396
2000-10-23,-0.0512356044783892
2000-10-24,0.12765504772508
2000-10-25,-1.70970130447745
2000-10-26,-0.0165044653299203
2000-10-27,0.79535545749469
2000-10-30,0.988146553074018
2000-10-31,1.55959993715307
2000-11-01,-0.40215900747175
2000-11-02,0.363318063298137
2000-11-03,-0.0739577600184163
2000-11-06,0.282246587216735
2000-11-07,-0.00839315672965443
2000-11-08,-1.12771731911393
2000-11-09,-0.456957376849757
2000-11-10,-1.75579447969701
2000-11-13,-0.765930269058674
2000-11-14,1.66249281864505
2000-11-15,0.36081065957477
2000-11-16,-0.896552075816194
2000-11-17,-0.232142468029277
2000-11-20,-1.31474940922796
2000-11-21,0.258623894955518
2000-11-22,-1.32899112903046
2000-11-24,1.04783535388708
2000-11-27,0.389620452417501
2000-11-28,-0.677353956824519
2000-11-29,0.318925098365312
2000-11-30,-1.44239876378085
2000-12-01,0.0227596871717102
2000-12-04,0.534297794807397
2000-12-05,2.73348493672959
2000-12-06,-1.30514194436436
2000-12-07,-0.411511654441435
2000-12-08,1.39361263639444
2000-12-11,0.542843896035834
2000-12-12,-0.460528985530665
2000-12-13,-0.577438338297802
2000-12-14,-1.00004227866707
2000-12-15,-1.54135715888915
2000-12-18,0.581420338894053
2000-12-19,-0.923561159962792
2000-12-20,-2.26238355941773
2000-12-21,0.576528066331521
2000-12-22,1.72767011913629
2000-12-26,0.510891280815117
2000-12-27,0.748981838992238
2000-12-28,0.291713242231689
2000-12-29,-0.742256230374054
2001-01-02,-2.02223935100485
2001-01-03,3.49741756903289
2001-01-04,-0.749785158260821
2001-01-05,-1.89091770164518
2001-01-08,-0.129485861661377
2001-01-09,0.279193002648578
2001-01-10,0.688678962840711
2001-01-11,0.740375803721857
2001-01-12,-0.438806320356245
2001-01-16,0.444778160489389
2001-01-17,0.159150278401719
2001-01-18,0.994133369462858
2001-01-19,-0.280602117240397
2001-01-22,0.0267003949880969
2001-01-23,0.931875759823719
2001-01-24,0.211929557241236
2001-01-25,-0.348631754352433
2001-01-26,-0.127196071705531
2001-01-29,0.491704018317238
2001-01-30,0.506114272554316
2001-01-31,-0.39476780630174
2001-02-01,0.396374148752048
2001-02-02,-1.2509455845785
2001-02-05,0.263150433026526
2001-02-06,-0.100585015672676
2001-02-07,-0.5952401402211
2001-02-08,-0.43892967293992
2001-02-09,-0.950876168553034
2001-02-12,0.846959487061892
2001-02-13,-0.612807304566746
2001-02-14,-0.148513673162855
2001-02-15,0.585164476534971
2001-02-16,-1.35502292469128
2001-02-20,-1.24240899967812
2001-02-21,-1.32608122533405
2001-02-22,-0.131914452030647
2001-02-23,-0.390153814032164
2001-02-26,1.2453814815711
2001-02-27,-0.541385695776401
2001-02-28,-1.02135430524206
2001-03-01,0.0817938708138364
2001-03-02,-0.399083745278704
2001-03-05,0.424555269608326
2001-03-06,0.716546911382818
2001-03-07,0.466719146452766
2001-03-08,0.168614630997821
2001-03-09,-1.78261281972451
2001-03-12,-3.14367389683978
2001-03-13,1.05840199006313
2001-03-14,-1.86157520529709
2001-03-15,0.425482894398875
2001-03-16,-1.40734059924572
2001-03-19,1.25497444327528
2001-03-20,-1.73236653405161
2001-03-21,-1.28363053139057
2001-03-22,-0.283138498389569
2001-03-23,1.41491665199528
2001-03-26,0.80850529778315
2001-03-27,1.81041280084243
2001-03-28,-1.75814275419558
2001-03-29,-0.323762661450557
2001-03-30,0.773344863857947
2001-04-02,-0.88769713053537
2001-04-03,-2.49099791036198
2001-04-04,-0.199855548789961
2001-04-05,3.05971662530826
2001-04-06,-1.43353296759143
2001-04-09,0.58473100153649
2001-04-10,1.91412846924948
2001-04-11,-0.144747013653535
2001-04-12,1.07780419202685
2001-04-16,-0.223241235011102
2001-04-17,0.737880918404707
2001-04-18,2.73134036102971
2001-04-19,0.897428152960045
2001-04-20,-0.60493398937818
2001-04-23,-1.06997074242151
2001-04-24,-0.865975686963674
2001-04-25,1.13661137642226
2001-04-26,0.342012794508488
2001-04-27,1.07116077940019
2001-04-30,-0.197268406295042
2001-05-01,0.971214597146949
2001-05-02,0.0633452248062535
2001-05-03,-1.06217909064584
2001-05-04,1.03109540211999
2001-05-07,-0.167381223992049
2001-05-08,-0.123078811807791
2001-05-09,-0.313547051846575
2001-05-10,-0.0129129859786764
2001-05-11,-0.535397495594965
2001-05-14,0.193577738067013
2001-05-15,0.0372776587580123
2001-05-16,2.0104557824457
2001-05-17,0.201745802217988
2001-05-18,0.199561331040066
2001-05-21,1.15156926154232
2001-05-22,-0.180295188503023
2001-05-23,-1.10957578144901
2001-05-24,0.235370848470296
2001-05-25,-0.841008753624357
2001-05-29,-0.551044872915794
2001-05-30,-1.11893145487211
2001-05-31,0.448922770430032
2001-06-01,0.28274022599869
2001-06-04,0.37132239795525
2001-06-05,0.928964585134303
2001-06-06,-0.749518065046274
2001-06-07,0.396047777476212
2001-06-08,-0.666492019216494
2001-06-11,-0.591485587549725
2001-06-12,0.0906037062165078
2001-06-13,-0.807132206572148
2001-06-14,-1.25295260267573
2001-06-15,-0.315632860956952
2001-06-18,-0.341910713662618
2001-06-19,0.252309625386577
2001-06-20,0.626587146404711
2001-06-21,0.814280335066951
2001-06-22,-0.670287118012024
2001-06-25,-0.386791518081228
2001-06-26,-0.100316430453541
2001-06-27,-0.327070716386343
2001-06-28,0.89392244096881
2001-06-29,-0.0984811513353271
2001-07-02,0.723472564928554
2001-07-03,-0.123598056689331
2001-07-05,-0.877526787736461
2001-07-06,-1.69001662411982
2001-07-09,0.496969683556018
2001-07-10,-1.02779064717676
2001-07-11,-0.0734525579063195
2001-07-12,1.67917031706949
2001-07-13,0.451723347045896
2001-07-16,-0.773627572992947
2001-07-17,0.715891091522036
2001-07-18,-0.389161832640932
2001-07-19,0.43836824239014
2001-07-20,-0.237877045927382
2001-07-23,-1.1706777673569
2001-07-24,-1.16363536807989
2001-07-25,1.14637974167635
2001-07-26,0.749682891144866
2001-07-27,0.178867427378372
2001-07-30,-0.0694482757105596
2001-07-31,0.404150173099625
2001-08-01,0.284044094472545
2001-08-02,0.289995493764492
2001-08-03,-0.367702481812884
2001-08-06,-0.812537447000921
2001-08-07,0.240295756041452
2001-08-08,-1.24034822378205
2001-08-09,0.0015274458933555
2001-08-10,0.412397590243944
2001-08-13,0.0753094415684373
2001-08-14,-0.26623213822875
2001-08-15,-0.518343134041152
2001-08-16,0.227811388276073
2001-08-17,-1.19204321652643
2001-08-20,0.585202707865407
2001-08-21,-0.86005012934272
2001-08-22,0.502439167852588
2001-08-23,-0.189980615759239
2001-08-24,1.39707600363916
2001-08-27,-0.337897549616065
2001-08-28,-1.07213931508676
2001-08-29,-0.792863751371647
2001-08-30,-1.2167970150347
2001-08-31,0.294685956574404
2001-09-04,-0.0327575633100946
2001-09-05,-0.0680965938419796
2001-09-06,-1.60906252953114
2001-09-07,-1.33550175513556
2001-09-10,0.45065489407958
2001-09-17,-3.59537347179766
2001-09-18,-0.408065748003692
2001-09-19,-1.15208635160702
2001-09-20,-2.24499166210463
2001-09-21,-1.36440599255219
2001-09-24,2.73771705549439
2001-09-25,0.632317633874504
2001-09-26,-0.362243180730037
2001-09-27,0.82309788699809
2001-09-28,1.55567758943974
2001-10-01,-0.156541546621094
2001-10-02,0.880703039536065
2001-10-03,1.41618012975437
2001-10-04,-0.169091056495576
2001-10-05,0.124264866121542
2001-10-08,-0.590649248129018
2001-10-09,-0.375806694231191
2001-10-10,1.62663472512906
2001-10-11,1.08511376708414
2001-10-12,-0.369437253329384
2001-10-15,-0.101736756460087
2001-10-16,0.501008526470161
2001-10-17,-1.33517856893963
2001-10-18,-0.556726901685119
2001-10-19,0.332170245508219
2001-10-22,1.09128524360358
2001-10-23,-0.328600295208315
2001-10-24,0.0351950016671123
2001-10-25,0.980447972492434
2001-10-26,0.300284939604474
2001-10-29,-1.71342367796091
2001-10-30,-1.22856394422936
2001-10-31,0.00688606888786723
2001-11-01,1.62732598654429
2001-11-02,0.211410671841724
2001-11-05,1.02723690937572
2001-11-06,1.03712821155106
2001-11-07,-0.187955653476593
2001-11-08,0.182654057162954
2001-11-09,0.120440217320557
2001-11-12,-0.118725270600564
2001-11-13,1.320659853226
2001-11-14,0.140303617353377
2001-11-15,0.0719642251594917
2001-11-16,-0.217170320379991
2001-11-19,0.781426439292303
2001-11-20,-0.515331644009711
2001-11-21,-0.345058000947268
2001-11-23,0.838399254729521
2001-11-26,0.445600544046002
2001-11-27,-0.482630901242032
2001-11-28,-1.30745575638076
2001-11-29,0.742642749159187
2001-11-30,-0.0394149682953082
2001-12-03,-0.5933027715485
2001-12-04,0.942833955607716
2001-12-05,1.5833558313404
2001-12-06,-0.19096380579719
2001-12-07,-0.532152250123567
2001-12-10,-1.13434540377739
2001-12-11,-0.191244826171496
2001-12-12,0.0270255941224451
2001-12-13,-1.11183086727436
2001-12-14,0.243780585679456
2001-12-17,0.720379922785752
2001-12-18,0.54425773632138
2001-12-19,0.421115738798417
2001-12-20,-0.593006275250723
2001-12-21,0.317516376765068
2001-12-24,-0.0074072601568053
2001-12-26,0.30133551552507
2001-12-27,0.487934845776193
2001-12-28,0.247155446580147
2001-12-31,-0.792581637763482
2002-01-02,0.416171061158809
2002-01-03,0.659942890778123
2002-01-04,0.449747691429444
2002-01-07,-0.457912873267288
2002-01-08,-0.249073214474161
2002-01-09,-0.33585290521971
2002-01-10,0.0946480786244749
2002-01-11,-0.671572626996408
2002-01-14,-0.441912618501314
2002-01-15,0.493789678394552
2002-01-16,-1.161711868735
2002-01-17,0.720069259191847
2002-01-18,-0.704316723584912
2002-01-22,-0.517968815034759
2002-01-23,0.57106594676537
2002-01-24,0.258337872605145
2002-01-25,0.0787791255392612
2002-01-28,-0.00630045892984358
2002-01-29,-2.06491525939959
2002-01-30,0.841347011036369
2002-01-31,1.06581997136166
2002-02-01,-0.499567518831492
2002-02-04,-1.78064663408146
2002-02-05,-0.28134153006113
2002-02-06,-0.420089116519996
2002-02-07,-0.21284680407603
2002-02-08,1.06053168322745
2002-02-11,1.02404234463799
2002-02-12,-0.278074868535496
2002-02-13,0.71377053670922
2002-02-14,-0.122125733042091
2002-02-15,-0.7832975670462
2002-02-19,-1.35272385732417
2002-02-20,0.965853866011093
2002-02-21,-1.10840598288685
2002-02-22,0.592291892650768
2002-02-25,1.27941586696822
2002-02-26,0.00434218659375621
2002-02-27,0.0403715474337303
2002-02-28,-0.195988260060998
2002-03-01,1.60541500320442
2002-03-04,1.38567512633194
2002-03-05,-0.470452426804317
2002-03-06,1.03596281244548
2002-03-07,-0.314270680265307
2002-03-08,0.42387883125068
2002-03-11,0.249346982621018
2002-03-12,-0.156399024170713
2002-03-13,-0.699682231092225
2002-03-14,-0.0574215232292666
2002-03-15,0.815298404617079
2002-03-18,-0.0297933375008726
2002-03-19,0.297298378893659
2002-03-20,-1.12628160260305
2002-03-21,0.115321822955645
2002-03-22,-0.295703777536127
2002-03-25,-1.04614573442812
2002-03-26,0.423887222504338
2002-03-27,0.388423524303886
2002-03-28,0.182612168290976
2002-04-01,-0.0453468451395447
2002-04-02,-0.604014506589578
2002-04-03,-0.709457031302928
2002-04-04,0.0671643677715253
2002-04-05,-0.22161951494937
2002-04-08,0.170155982766104
2002-04-09,-0.469208585857237
2002-04-10,0.812202954520428
2002-04-11,-1.70398296100071
2002-04-12,0.479479702214982
2002-04-15,-0.538137600907356
2002-04-16,1.66013881934972
2002-04-17,-0.138106881796106
2002-04-18,-0.0939491580334603
2002-04-19,0.0519875878505522
2002-04-22,-1.10120585728049
2002-04-23,-0.436533717830812
2002-04-24,-0.501328992427235
2002-04-25,-0.10093359250077
2002-04-26,-0.990962433822184
2002-04-29,-0.717094925301435
2002-04-30,0.772000251670337
2002-05-01,0.637194911667671
2002-05-02,-0.117397277242349
2002-05-03,-0.728851209991056
2002-05-06,-1.38664997281391
2002-05-07,-0.208429635450994
2002-05-08,2.63599936442949
2002-05-09,-1.03861932845235
2002-05-10,-1.20154572845993
2002-05-13,1.31971680977963
2002-05-14,1.50127204541052
2002-05-15,-0.397619001874954
2002-05-16,0.474519959859322
2002-05-17,0.548944236838759
2002-05-20,-0.947805102621114
2002-05-21,-0.781381184496744
2002-05-22,0.412323590632731
2002-05-23,0.730921950608766
2002-05-24,-0.860568272127614
2002-05-28,-0.605675583978086
2002-05-29,-0.451669297597518
2002-05-30,-0.193321727438557
2002-05-31,0.173662154131591
2002-06-03,-1.78490148549557
2002-06-04,0.0082456967367994
2002-06-05,0.636579330577997
2002-06-06,-1.41751691908143
2002-06-07,-0.104905718194493
2002-06-10,0.230235832576477
2002-06-11,-1.18956252745431
2002-06-12,0.475106786103918
2002-06-13,-0.745103876348933
2002-06-14,-0.154560451339952
2002-06-17,2.02702101499659
2002-06-18,0.074359960822931
2002-06-19,-1.18281332136763
2002-06-20,-0.957820426089586
2002-06-21,-1.21962221886613
2002-06-24,0.265477405083903
2002-06-25,-1.19484477431418
2002-06-26,-0.183579728150656
2002-06-27,1.25136541857428
2002-06-28,-0.0515581213796635
2002-07-01,-1.53588643456223
2002-07-02,-1.52404675654164
2002-07-03,0.450449067089772
2002-07-05,2.5827216146195
2002-07-08,-0.867580007761335
2002-07-09,-1.77932233280224
2002-07-10,-2.45913278490493
2002-07-11,0.540719471894803
2002-07-12,-0.454281623162967
2002-07-15,-0.261030364394003
2002-07-16,-1.3261919744595
2002-07-17,0.410544450418864
2002-07-18,-1.94785486264192
2002-07-19,-2.78433021663887
2002-07-22,-2.38148057105909
2002-07-23,-1.94774205978082
2002-07-24,3.98717677472846
2002-07-25,-0.395631456107744
2002-07-26,1.20283209318698
2002-07-29,3.76745519346343
2002-07-30,0.310280681099132
2002-07-31,0.703213708907759
2002-08-01,-2.13557315374548
2002-08-02,-1.65961504768223
2002-08-05,-2.48382286694958
2002-08-06,2.11213094975042
2002-08-07,1.42198009603726
2002-08-08,2.30622078985154
2002-08-09,0.257845938104336
2002-08-12,-0.373728514569436
2002-08-13,-1.55685719749081
2002-08-14,2.81077686506944
2002-08-15,0.82803868774021
2002-08-16,-0.10611095644787
2002-08-19,1.67363095592932
2002-08-20,-0.995938985012283
2002-08-21,0.910363323242798
2002-08-22,1.00372632612855
2002-08-23,-1.63067359433806
2002-08-26,0.543517541995652
2002-08-27,-0.988178397509989
2002-08-28,-1.29876064150431
2002-08-29,0.00211499985040597
2002-08-30,-0.12713431838857
2002-09-03,-3.0210700973269
2002-09-04,1.24725893300457
2002-09-05,-1.14031994044004
2002-09-06,1.19697983776439
2002-09-09,0.725889109888397
2002-09-10,0.529046054854429
2002-09-11,-0.00264438507387174
2002-09-12,-1.78409352825701
2002-09-13,0.240610190796285
2002-09-16,0.110983013040339
2002-09-17,-1.41494159101346
2002-09-18,-0.325027124915996
2002-09-19,-2.17169679665118
2002-09-20,0.182579070688011
2002-09-23,-0.986513075131413
2002-09-24,-1.23717094895398
2002-09-25,1.76083529429071
2002-09-26,1.29586897626602
2002-09-27,-2.33340676880024
2002-09-30,-1.04333628268146
2002-10-01,2.80913026462603
2002-10-02,-1.69653558100909
2002-10-03,-0.769270749437704
2002-10-04,-1.61204643206189
2002-10-07,-1.37000082047231
2002-10-08,1.20386808906449
2002-10-09,-1.96754229426561
2002-10-10,2.46113380974228
2002-10-11,2.742896815879
2002-10-14,0.528698098256872
2002-10-15,3.30932472274598
2002-10-16,-1.73496930722267
2002-10-17,1.58220345851939
2002-10-18,0.427745733092945
2002-10-21,1.23443901284695
2002-10-22,-0.755061253312129
2002-10-23,0.485549948329579
2002-10-24,-1.08741845763687
2002-10-25,1.22273000288085
2002-10-28,-0.585008933210333
2002-10-29,-0.643361108663908
2002-10-30,0.696962949674174
2002-10-31,-0.390290033250577
2002-11-01,1.22225735811748
2002-11-04,0.590742219832442
2002-11-05,0.558725829080009
2002-11-06,0.657363030456509
2002-11-07,-1.64280499480963
2002-11-08,-0.620798942280168
2002-11-11,-1.48808704512502
2002-11-12,0.556239609101914
2002-11-13,-0.0264072936002735
2002-11-14,1.74486304284605
2002-11-15,0.445168006021253
2002-11-18,-0.73940556388844
2002-11-19,-0.280052655790664
2002-11-20,1.38030735164649
2002-11-21,1.52280766358205
2002-11-22,-0.238283362752883
2002-11-25,0.185325448940943
2002-11-26,-1.50524089387322
2002-11-27,1.97805706204238
2002-11-29,-0.187365459194218
2002-12-02,-0.128288569384294
2002-12-03,-1.05295909077521
2002-12-04,-0.238650954947559
2002-12-05,-0.855807700636698
2002-12-06,0.453462506820197
2002-12-09,-1.59344575227506
2002-12-10,0.997096154474655
2002-12-11,0.0478039502468165
2002-12-12,-0.259581117367915
2002-12-13,-0.957051876215602
2002-12-16,1.66717838077147
2002-12-17,-0.575885451580969
2002-12-18,-0.937107020041754
2002-12-19,-0.544950950627718
2002-12-20,0.930831481966045
2002-12-23,0.136554310416976
2002-12-24,-0.384124967598407
2002-12-26,-0.217572659947577
2002-12-27,-1.14600014120281
2002-12-30,0.332212477024797
2002-12-31,0.0424593780411519
2003-01-02,2.33922850739975
2003-01-03,-0.0270039982791325
2003-01-06,1.59425399498288
2003-01-07,-0.461198473918415
2003-01-08,-1.00516632032356
2003-01-09,1.37830006773285
2003-01-10,0.0075597011263592
2003-01-13,-0.0933358668103561
2003-01-14,0.422550626642791
2003-01-15,-1.02981100645894
2003-01-16,-0.274447337007157
2003-01-17,-1.0002050245171
2003-01-21,-1.12232860275447
2003-01-22,-0.741126473584551
2003-01-23,0.733722157287271
2003-01-24,-2.1105439615232
2003-01-27,-1.15551578233612
2003-01-28,0.933211651246736
2003-01-29,0.489879614522
2003-01-30,-1.64258725898914
2003-01-31,0.9388395868986
2003-02-03,0.391966718352766
2003-02-04,-1.00532605825318
2003-02-05,-0.381508891531347
2003-02-06,-0.454302252037233
2003-02-07,-0.716693343796636
2003-02-10,0.545886465378763
2003-02-11,-0.57294148429917
2003-02-12,-0.9039613108702
2003-02-13,-0.106766413325134
2003-02-14,1.52161806930417
2003-02-18,1.38624612709438
2003-02-19,-0.500841700554891
2003-02-20,-0.67400030394461
2003-02-21,0.94545639444464
2003-02-24,-1.31686135948995
2003-02-25,0.519340368506083
2003-02-26,-0.936832250704871
2003-02-27,0.842044671672677
2003-02-28,0.336774332558986
2003-03-03,-0.532570308912367
2003-03-04,-1.09727481716324
2003-03-05,0.686964284814383
2003-03-06,-0.662291927708193
2003-03-07,0.594776413731206
2003-03-10,-1.86067127841029
2003-03-11,-0.591726381582257
2003-03-12,0.315377699505498
2003-03-13,2.42603409864884
2003-03-14,0.125031255270253
2003-03-17,2.49292155742435
2003-03-18,0.309761530023393
2003-03-19,0.628575578041909
2003-03-20,0.142205742802047
2003-03-21,1.62931725410605
2003-03-24,-2.55300983033374
2003-03-25,0.870511506226871
2003-03-26,-0.384442910179073
2003-03-27,-0.109886659080983
2003-03-28,-0.406270953427858
2003-03-31,-1.27040369124648
2003-04-01,0.869279586737575
2003-04-02,1.84805968029836
2003-04-03,-0.35399440723438
2003-04-04,0.202782613248338
2003-04-07,0.0952361434500491
2003-04-08,-0.125621027138561
2003-04-09,-0.999294847026834
2003-04-10,0.466907483284884
2003-04-11,-0.261609700829722
2003-04-14,1.38612670663025
2003-04-15,0.456153754775842
2003-04-16,-0.87136712146662
2003-04-17,1.10813306797324
2003-04-21,-0.117982184256612
2003-04-22,1.54043002403516
2003-04-23,0.604307679972722
2003-04-24,-0.584488440049506
2003-04-25,-0.987847689713157
2003-04-28,1.2695673257732
2003-04-29,0.241284949249175
2003-04-30,-0.0640347275274161
2003-05-01,-0.0407292471555883
2003-05-02,1.07319064053403
2003-05-05,-0.263909454657231
2003-05-06,0.609089142601348
2003-05-07,-0.357817728616947
2003-05-08,-0.714112591672372
2003-05-09,1.01969483974593
2003-05-12,0.896855583840521
2003-05-13,-0.205014725512031
2003-05-14,-0.221608974548907
2003-05-15,0.567042983142092
2003-05-16,-0.171391476967429
2003-05-19,-1.79388303509499
2003-05-20,-0.0731207264299948
2003-05-21,0.293408843198253
2003-05-22,0.65786686086453
2003-05-23,0.110908320213349
2003-05-27,1.3909437357637
2003-05-28,0.137994482502957
2003-05-29,-0.26106585613361
2003-05-30,1.04864268748131
2003-06-02,0.259754081858663
2003-06-03,0.343418726716358
2003-06-04,1.07818252616879
2003-06-05,0.289310624252985
2003-06-06,-0.164248331003633
2003-06-09,-0.852617044470095
2003-06-10,0.656380356189182
2003-06-11,0.917996544894872
2003-06-12,0.0812396862381286
2003-06-13,-0.703793549956214
2003-06-16,1.58801039269825
2003-06-17,0.0725115365539168
2003-06-18,-0.103317668683647
2003-06-19,-1.08853705136921
2003-06-20,0.0785775766939247
2003-06-23,-1.00699415336418
2003-06-24,0.139072154422468
2003-06-25,-0.585065646315787
2003-06-26,0.772020954985617
2003-06-27,-0.691054595637399
2003-06-30,-0.118334072071304
2003-07-01,0.57815582065827
2003-07-02,0.83344431676667
2003-07-03,-0.573103582605424
2003-07-07,1.35066485924639
2003-07-08,0.250228006428898
2003-07-09,-0.392360458627597
2003-07-10,-0.96134489165476
2003-07-11,0.685955257888459
2003-07-14,0.41550672083973
2003-07-15,-0.237499550829604
2003-07-16,-0.445587787408049
2003-07-17,-0.88563756681339
2003-07-18,0.845438022219733
2003-07-21,-1.04370420540039
2003-07-22,0.683392186594673
2003-07-23,0.0436753551954399
2003-07-24,-0.50045696355317
2003-07-25,1.23908308335028
2003-07-28,-0.147014891988443
2003-07-29,-0.513006073570816
2003-07-30,-0.121731102685554
2003-07-31,0.211140895221316
2003-08-01,-0.728648347050239
2003-08-04,0.201768317493846
2003-08-05,-1.26471376518706
2003-08-06,0.12724953158364
2003-08-07,0.525375036099559
2003-08-08,0.2614144384164
2003-08-11,0.226305444755592
2003-08-12,0.714610457759083
2003-08-13,-0.44948475546923
2003-08-14,0.476137012638537
2003-08-15,0.0190906932573644
2003-08-18,0.658196129789243
2003-08-19,0.193694589954478
2003-08-20,-0.138597287069252
2003-08-21,0.219211943717643
2003-08-22,-0.722684005483758
2003-08-25,0.0542725555367232
2003-08-26,0.224194795569168
2003-08-27,0.0118570566107674
2003-08-28,0.439553669772255
2003-08-29,0.3746580675129
2003-09-02,0.990865559546422
2003-09-03,0.305912381980868
2003-09-04,0.125719152628175
2003-09-05,-0.450877400393245
2003-09-08,0.720417336409614
2003-09-09,-0.580992281144177
2003-09-10,-0.852328127611547
2003-09-11,0.394913476346323
2003-09-12,0.162615490988672
2003-09-15,-0.260667698168977
2003-09-16,1.02109020047648
2003-09-17,-0.225165122450157
2003-09-18,0.948364069818339
2003-09-19,-0.218042113049967
2003-09-22,-0.927167899775036
2003-09-23,0.439693210846902
2003-09-24,-1.36887335469172
2003-09-25,-0.425896194242404
2003-09-26,-0.450741604325693
2003-09-29,0.701005800271956
2003-09-30,-0.748936421774228
2003-10-01,1.58487266737643
2003-10-02,0.14904781103738
2003-10-03,0.676865008415379
2003-10-06,0.318825966775203
2003-10-07,0.344957722579761
2003-10-08,-0.369190397341576
2003-10-09,0.348579832459709
2003-10-10,-0.0385033669411711
2003-10-13,0.507162869242982
2003-10-14,0.289055849461801
2003-10-15,-0.177707598394045
2003-10-16,0.232950280664108
2003-10-17,-0.727061422229158
2003-10-20,0.374790130123292
2003-10-21,0.0997553997644019
2003-10-22,-1.06999404283948
2003-10-23,0.243438200107847
2003-10-24,-0.328855679062385
2003-10-27,0.161427633060931
2003-10-28,1.0836328242811
2003-10-29,0.0975263034470513
2003-10-30,-0.0721777119992958
2003-10-31,0.264173153016673
2003-11-03,0.569961911108509
2003-11-04,-0.382470367813403
2003-11-05,-0.0901119901958609
2003-11-06,0.42984196840124
2003-11-07,-0.319762173752359
2003-11-10,-0.407123283371142
2003-11-11,-0.0292662601636989
2003-11-12,0.818770547114766
2003-11-13,-0.000533928463351098
2003-11-14,-0.538173817719508
2003-11-17,-0.450654834558169
2003-11-18,-0.643892291245768
2003-11-19,0.577562130540426
2003-11-20,-0.596967602830855
2003-11-21,0.12004934050932
2003-11-24,1.15674994388531
2003-11-25,0.130274553378152
2003-11-26,0.315787866663331
2003-11-28,-0.00930433745369672
2003-12-01,0.807236502855876
2003-12-02,-0.226317226466218
2003-12-03,-0.119053145176532
2003-12-04,0.341359429029492
2003-12-05,-0.543141869767654
2003-12-08,0.530225980396456
2003-12-09,-0.603937615140788
2003-12-10,-0.0685729614717386
2003-12-11,0.822594790447095
2003-12-12,0.202562283668509
2003-12-15,-0.399019984627215
2003-12-16,0.479907423325393
2003-12-17,0.0971458564261484
2003-12-18,0.844875048531566
2003-12-19,-0.0265319479238374
2003-12-22,0.287676934663712
2003-12-23,0.208461490479829
2003-12-24,-0.121526530489903
2003-12-26,0.128177729709214
2003-12-29,0.887420804136505
2003-12-30,0.017854309340448
2003-12-31,0.154096796770558
2004-01-02,-0.213646959021792
2004-01-05,0.887031028558874
2004-01-06,0.0997425675684498
2004-01-07,0.176358731715955
2004-01-08,0.360996124214043
2004-01-09,-0.629763856353977
2004-01-12,0.348469044100977
2004-01-13,-0.374088218377645
2004-01-14,0.597268764450019
2004-01-15,0.104111440041078
2004-01-16,0.496512046446488
2004-01-20,-0.0588617609109737
2004-01-21,0.560229528196931
2004-01-22,-0.221731604059086
2004-01-23,-0.141750458976256
2004-01-26,0.866648470750738
2004-01-27,-0.695354403946685
2004-01-28,-0.97070506146852
2004-01-29,0.362842396637437
2004-01-30,-0.180273742226221
2004-02-02,0.267747252751114
2004-02-03,0.0559645401661795
2004-02-04,-0.592584364975637
2004-02-05,0.138620666911309
2004-02-06,0.89832245772485
2004-02-09,-0.176971062980857
2004-02-10,0.365551796951706
2004-02-11,0.765081963252523
2004-02-12,-0.341687072590706
2004-02-13,-0.383891256486275
2004-02-17,0.700761406230263
2004-02-18,-0.312163167934703
2004-02-19,-0.288079417377351
2004-02-20,-0.176278418467978
2004-02-23,-0.187388970775377
2004-02-24,-0.111420375323032
2004-02-25,0.294027910937546
2004-02-26,0.0849214460135591
2004-02-27,0.00943031800152476
2004-03-01,0.692022478013086
2004-03-02,-0.417984357898987
2004-03-03,0.127364897633281
2004-03-04,0.245332288576592
2004-03-05,0.130469554896238
2004-03-08,-0.591067592493548
2004-03-09,-0.405597731317525
2004-03-10,-1.04480980832803
2004-03-11,-1.08764128867534
2004-03-12,0.891559113378376
2004-03-15,-1.02430440583683
2004-03-16,0.407829094445262
2004-03-17,0.84146250866691
2004-03-18,-0.0833443915188824
2004-03-19,-0.794596759132194
2004-03-22,-0.923530217623366
2004-03-23,-0.0870037900553234
2004-03-24,-0.16362503418988
2004-03-25,1.16643391160781
2004-03-26,-0.0652072945825735
2004-03-29,0.929987922088485
2004-03-30,0.295093704291742
2004-03-31,-0.042500900699695
2004-04-01,0.384368361811434
2004-04-02,0.612849872792537
2004-04-05,0.553179645130956
2004-04-06,-0.142132738118098
2004-04-07,-0.468443421939873
2004-04-08,-0.0682194549403695
2004-04-12,0.375056827871151
2004-04-13,-0.981724601509355
2004-04-14,-0.0727606269939149
2004-04-15,0.049944678872627
2004-04-16,0.371538825526306
2004-04-19,0.0836532645014631
2004-04-20,-1.11179555423778
2004-04-21,0.385807136809401
2004-04-22,1.00653012831783
2004-04-23,0.0495075459543151
2004-04-26,-0.310480662962504
2004-04-27,0.169579772257727
2004-04-28,-0.984114258167487
2004-04-29,-0.536419455724215
2004-04-30,-0.416055568805549
2004-05-03,0.661531204481206
2004-05-04,0.139041071149784
2004-05-05,0.133707178657841
2004-05-06,-0.47401654865441
2004-05-07,-0.979093325082821
2004-05-10,-0.748870490063686
2004-05-11,0.552500791027382
2004-05-12,0.126721392623101
2004-05-13,-0.0471127745310507
2004-05-14,-0.0406388603764901
2004-05-17,-0.752269653936842
2004-05-18,0.492557404505723
2004-05-19,-0.176469537104173
2004-05-20,0.0409952809376919
2004-05-21,0.293416580048328
2004-05-24,0.12823062826999
2004-05-25,1.14804293893799
2004-05-26,0.128680659463082
2004-05-27,0.412365310124422
2004-05-28,-0.0306517937584572
2004-06-01,0.0406775115747362
2004-06-02,0.248474656091327
2004-06-03,-0.524297668368678
2004-06-04,0.381229489931926
2004-06-07,1.13826261217938
2004-06-08,0.117651145157265
2004-06-09,-0.673847617546884
2004-06-10,0.331175517406062
2004-06-14,-0.698220463791427
2004-06-15,0.432621329633249
2004-06-16,0.105244032449201
2004-06-17,-0.0876020633317708
2004-06-18,0.194611717906363
2004-06-21,-0.289938055480538
2004-06-22,0.266679339083167
2004-06-23,0.612283725743503
2004-06-24,-0.2055455965718
2004-06-25,-0.382800399636678
2004-06-28,-0.0604378848414049
2004-06-29,0.18685791388836
2004-06-30,0.298509826842241
2004-07-01,-0.741019580386135
2004-07-02,-0.217918946965407
2004-07-06,-0.576538952433651
2004-07-07,0.143022013629549
2004-07-08,-0.583454633267508
2004-07-09,0.245322735489101
2004-07-12,0.106287623837596
2004-07-13,0.0581529079761064
2004-07-14,-0.227778771023142
2004-07-15,-0.300125300539495
2004-07-16,-0.335154836246062
2004-07-19,-0.0242084695776497
2004-07-20,0.50965444095569
2004-07-21,-0.951221594114425
2004-07-22,0.200479024265215
2004-07-23,-0.688351778875484
2004-07-26,-0.132572067405806
2004-07-27,0.712657128482497
2004-07-28,0.0460214440235139
2004-07-29,0.33332621241866
2004-07-30,0.0911995981704053
2004-08-02,0.324371597493604
2004-08-03,-0.440915833982634
2004-08-04,-0.0612873931138869
2004-08-05,-1.16716937644817
2004-08-06,-1.10626001390511
2004-08-09,0.0913832941250578
2004-08-10,0.927812696588004
2004-08-11,-0.207788527778649
2004-08-12,-0.830838644731077
2004-08-13,0.112899530933743
2004-08-16,0.975812034341691
2004-08-17,0.16414620663046
2004-08-18,0.890409317291977
2004-08-19,-0.249739063215053
2004-08-20,0.471851843932613
2004-08-23,-0.166196191345345
2004-08-24,0.0407817198531839
2004-08-25,0.576442601291268
2004-08-26,0.0159583974954869
2004-08-27,0.180482276590189
2004-08-30,-0.550131138765562
2004-08-31,0.337395513585208
2004-09-01,0.115445785586735
2004-09-02,0.803570703070963
2004-09-03,-0.291828445205908
2004-09-07,0.497568378752142
2004-09-08,-0.313409021061852
2004-09-09,0.14237640343288
2004-09-10,0.360326381909564
2004-09-13,0.128144343981029
2004-09-14,0.166546738255915
2004-09-15,-0.497862120989744
2004-09-16,0.206726780271881
2004-09-17,0.327732700779872
2004-09-20,-0.395266996538844
2004-09-21,0.457814618213578
2004-09-22,-0.994469365178998
2004-09-23,-0.326594053769782
2004-09-24,0.120189992042292
2004-09-27,-0.4175023102801
2004-09-28,0.429406168939264
2004-09-29,0.311751105558335
2004-09-30,-0.00653024098538873
2004-10-01,1.08316759434727
2004-10-04,0.238738910648662
2004-10-05,-0.0358474057914192
2004-10-06,0.482342230405658
2004-10-07,-0.70864473905171
2004-10-08,-0.531803786606571
2004-10-11,0.150561357577463
2004-10-12,-0.1545305036935
2004-10-13,-0.515539119226632
2004-10-14,-0.659676505618807
2004-10-15,0.324565971859206
2004-10-18,0.381504548137926
2004-10-19,-0.687273939370945
2004-10-20,0.0353797828610115
2004-10-21,0.190384687821026
2004-10-22,-0.68941957738654
2004-10-25,-0.0537102197668146
2004-10-26,1.06198484754207
2004-10-27,0.921145262359293
2004-10-28,0.136851377012366
2004-10-29,0.182111864024055
2004-11-01,0.0271385641713899
2004-11-02,0.0107170794561162
2004-11-03,0.801298396318903
2004-11-04,1.15175559253708
2004-11-05,0.283573348135435
2004-11-08,-0.0708423073556471
2004-11-09,-0.042098589898965
2004-11-10,-0.0642299774194624
2004-11-11,0.653516150708424
2004-11-12,0.654958628405255
2004-11-15,-0.0141470637162945
2004-11-16,-0.499599547192867
2004-11-17,0.401858058195661
2004-11-18,0.104739378734263
2004-11-19,-0.793734205798588
2004-11-22,0.427222591762331
2004-11-23,-0.0106353055193912
2004-11-24,0.299333011652759
2004-11-26,0.0613046763455987
2004-11-29,-0.239154852686706
2004-11-30,-0.280747508368563
2004-12-01,1.06703219170415
2004-12-02,-0.0547874964849335
2004-12-03,0.0579212809757022
2004-12-06,-0.0476000730598538
2004-12-07,-0.787378847699076
2004-12-08,0.354850643348951
2004-12-09,0.394602351321605
2004-12-10,-0.0669168098046389
2004-12-13,0.646485735905253
2004-12-14,0.286933187956439
2004-12-15,0.146245436494928
2004-12-16,-0.141211998891181
2004-12-17,-0.529045836882795
2004-12-20,0.0344561079874304
2004-12-21,0.650052074977428
2004-12-22,0.251143014062403
2004-12-23,0.0406040453505339
2004-12-27,-0.300463122526912
2004-12-28,0.516469512049143
2004-12-29,0.0022649548933702
2004-12-30,0.0134427282569298
2004-12-31,-0.0883941455476176
2005-01-03,-0.574450859917044
2005-01-04,-0.830571027261725
2005-01-05,-0.251901331293955
2005-01-06,0.257405603966424
2005-01-07,-0.0946811069882536
2005-01-10,0.251492517274981
2005-01-11,-0.429224522114531
2005-01-12,0.291232267719778
2005-01-13,-0.611223510617969
2005-01-14,0.434942423282084
2005-01-18,0.694929448810407
2005-01-19,-0.673180699520588
2005-01-20,-0.550247856314026
2005-01-21,-0.451870230880569
2005-01-24,-0.244736390845443
2005-01-25,0.292857735629454
2005-01-26,0.352554074494701
2005-01-27,0.0367406302573757
2005-01-28,-0.186596037526084
2005-01-31,0.609000963250658
2005-02-01,0.497816700851691
2005-02-02,0.234082361785217
2005-02-03,-0.190158305327011
2005-02-04,0.791606846918509
2005-02-07,-0.0702210320380502
2005-02-08,0.042007426713472
2005-02-09,-0.607270546512972
2005-02-10,0.307585661026248
2005-02-11,0.500277025426236
2005-02-14,0.0572960007184908
2005-02-15,0.242745138986243
2005-02-16,0.0205373314650771
2005-02-17,-0.560348450994232
2005-02-18,0.057484400513337
2005-02-22,-1.03560001871805
2005-02-23,0.4067532725091
2005-02-24,0.568893434929393
2005-02-25,0.668903116118075
2005-02-28,-0.451830158569577
2005-03-01,0.410350764555829
2005-03-02,-0.0119065031780081
2005-03-03,0.0305646451056943
2005-03-04,0.691362628834333
2005-03-07,0.193661802536847
2005-03-08,-0.335852809387025
2005-03-09,-0.723287283251079
2005-03-10,0.139925292904485
2005-03-11,-0.535873003912029
2005-03-14,0.407979632984498
2005-03-15,-0.531602340901638
2005-03-16,-0.571749855337951
2005-03-17,0.136035561324825
2005-03-18,-0.0260378213192066
2005-03-21,-0.345569137837266
2005-03-22,-0.724085340578422
2005-03-23,0.0575035980161518
2005-03-24,-0.0600556480691096
2005-03-28,0.181645926095669
2005-03-29,-0.536803235413794
2005-03-30,0.984081421832467
2005-03-31,-0.0420086649928199
2005-04-01,-0.457760043234382
2005-04-04,0.202064563299661
2005-04-05,0.326734374281642
2005-04-06,0.169326726136572
2005-04-07,0.432560073612556
2005-04-08,-0.590690180868107
2005-04-11,0.00816408846119229
2005-04-12,0.402338183357532
2005-04-13,-0.837086735721002
2005-04-14,-0.710068157603053
2005-04-15,-1.19621432698348
2005-04-18,0.217183372558293
2005-04-19,0.429923974454423
2005-04-20,-0.945043079165434
2005-04-21,1.40281836436205
2005-04-22,-0.475981039167094
2005-04-25,0.623302325417605
2005-04-26,-0.626154888723301
2005-04-27,0.289013599419951
2005-04-28,-0.809547348997651
2005-04-29,0.853676881268122
2005-05-02,0.334496108527284
2005-05-03,-0.0532811033436736
2005-05-04,0.892307491549441
2005-05-05,-0.176063659045287
2005-05-06,-0.070410155992817
2005-05-09,0.462601133028351
2005-05-10,-0.76082766552275
2005-05-11,0.306276802710625
2005-05-12,-0.712334470267582
2005-05-13,-0.320168113895398
2005-05-16,0.724013090169675
2005-05-17,0.502521895020039
2005-05-18,0.7192439162155
2005-05-19,0.339184564243426
2005-05-20,-0.100409669921391
2005-05-23,0.281961581950247
2005-05-24,0.0201161933336885
2005-05-25,-0.235591408735413
2005-05-26,0.462641774023996
2005-05-27,0.0766742280227857
2005-05-31,-0.4273054158513
2005-06-01,0.646992586241673
2005-06-02,0.130375265755251
2005-06-03,-0.484378468453304
2005-06-06,0.0964425726023208
2005-06-07,-0.00734580847334107
2005-06-08,-0.147044786307132
2005-06-09,0.380665195569747
2005-06-10,-0.160275265474279
2005-06-13,0.168855303708031
2005-06-14,0.19102884074376
2005-06-15,0.165712445372774
2005-06-16,0.266244878522143
2005-06-17,0.360408293429663
2005-06-20,-0.0429083201796385
2005-06-21,-0.13876433948897
2005-06-22,0.0234406681421403
2005-06-23,-0.770035691850494
2005-06-24,-0.539144716347542
2005-06-27,-0.04518321773536
2005-06-28,0.656932568130641
2005-06-29,-0.0947062413597695
2005-06-30,-0.501184872966288
2005-07-01,0.193683834708373
2005-07-05,0.635354626847562
2005-07-06,-0.590356956914067
2005-07-07,0.182395454670727
2005-07-08,0.836503022277184
2005-07-11,0.452705921203446
2005-07-12,0.169541856260556
2005-07-13,0.0706157485085473
2005-07-14,0.194648182913919
2005-07-15,0.0901654245632174
2005-07-18,-0.388302342672168
2005-07-19,0.486512716136508
2005-07-20,0.346473830976635
2005-07-21,-0.465626415330551
2005-07-22,0.392840673811487
2005-07-25,-0.262034671319944
2005-07-26,0.131177694709739
2005-07-27,0.333278945607892
2005-07-28,0.406459676622485
2005-07-29,-0.542155026089754
2005-08-01,0.0752057157530804
2005-08-02,0.512585045912025
2005-08-03,0.0603319571842876
2005-08-04,-0.520771223106798
2005-08-05,-0.539843473692505
2005-08-08,-0.184210214747361
2005-08-09,0.487471475796668
2005-08-10,-0.123005707425644
2005-08-11,0.50994110801863
2005-08-12,-0.421675660238921
2005-08-15,0.209193639208992
2005-08-16,-0.838121338514433
2005-08-17,0.0602339185612811
2005-08-18,-0.0638524968131583
2005-08-19,0.0479573424436078
2005-08-22,0.125694008722005
2005-08-23,-0.234767746952135
2005-08-24,-0.4630492703474
2005-08-25,0.171448264278401
2005-08-26,-0.421823702309114
2005-08-29,0.431643248434171
2005-08-30,-0.220707117585574
2005-08-31,0.708319766207303
2005-09-01,0.0812329427240436
2005-09-02,-0.201378931668109
2005-09-06,0.902788886920453
2005-09-07,0.179261281244752
2005-09-08,-0.263767639608288
2005-09-09,0.573918242635471
2005-09-12,-0.0453639378655459
2005-09-13,-0.533122722759068
2005-09-14,-0.227082920592418
2005-09-15,0.0407119851137869
2005-09-16,0.597069741230981
2005-09-19,-0.390897976876156
2005-09-20,-0.556031256165155
2005-09-21,-0.646590438501209
2005-09-22,0.267823564505675
2005-09-23,0.0469287799142423
2005-09-26,0.0275297386286146
2005-09-27,0.00932149509239825
2005-09-28,0.0797558447089831
2005-09-29,0.6377800395589
2005-09-30,0.0732398458235539
2005-10-03,-0.115130953127815
2005-10-04,-0.707764129615411
2005-10-05,-1.06323251116489
2005-10-06,-0.285431662366201
2005-10-07,0.27130597958176
2005-10-10,-0.505877537528619
2005-10-11,-0.14050604127192
2005-10-12,-0.426970383329999
2005-10-13,-0.0433789626037878
2005-10-14,0.595383076805537
2005-10-17,0.219628495700319
2005-10-18,-0.713514216850601
2005-10-19,1.06735523858529
2005-10-20,-1.07284143901582
2005-10-21,0.115975432725727
2005-10-24,1.19534371062384
2005-10-25,-0.161685692755137
2005-10-26,-0.300973021727442
2005-10-27,-0.74421823221752
2005-10-28,1.17935521175808
2005-10-31,0.518041205408976
2005-11-01,-0.244256932731949
2005-11-02,0.716297123215723
2005-11-03,0.311337189177503
2005-11-04,0.0192626837087463
2005-11-07,0.163611034294328
2005-11-08,-0.239239966537749
2005-11-09,0.128141960676423
2005-11-10,0.608014705440662
2005-11-11,0.225291618180186
2005-11-14,-0.0479683293025248
2005-11-15,-0.267825704644615
2005-11-16,0.13523870306891
2005-11-17,0.676451374381692
2005-11-18,0.321085093551017
2005-11-21,0.382891924099139
2005-11-22,0.369609067056747
2005-11-23,0.255055271025842
2005-11-25,0.156321730959057
2005-11-28,-0.602414167691453
2005-11-29,0.00869516414638717
2005-11-30,-0.448072787745821
2005-12-01,0.870225341320704
2005-12-02,0.0307004219672954
2005-12-05,-0.161370601802225
2005-12-06,0.0985718403866267
2005-12-07,-0.350941277476591
2005-12-08,-0.079363023837276
2005-12-09,0.207947542418239
2005-12-12,0.0676231749766994
2005-12-13,0.402941578818363
2005-12-14,0.306031290603035
2005-12-15,-0.0934773656346519
2005-12-16,-0.196071060875789
2005-12-19,-0.410518093474361
2005-12-20,-0.00944114851909021
2005-12-21,0.1869977088422
2005-12-22,0.308251633878569
2005-12-23,0.0379532622900011
2005-12-27,-0.677740408610908
2005-12-28,0.100108414119027
2005-12-29,-0.205538895928879
2005-12-30,-0.342161081326047
2006-01-03,1.17100817775345
2006-01-04,0.269279794205996
2006-01-05,0.0086808980794583
2006-01-06,0.675456773066255
2006-01-09,0.268109385183321
2006-01-10,-0.0178989676864002
2006-01-11,0.255671116288921
2006-01-12,-0.441772958855976
2006-01-13,0.0935500117500228
2006-01-17,-0.246827527386327
2006-01-18,-0.276780706903456
2006-01-19,0.403653295807275
2006-01-20,-1.31289991347394
2006-01-23,0.139297976317876
2006-01-24,0.179076707090077
2006-01-25,-0.115394234424088
2006-01-26,0.522212955829616
2006-01-27,0.559694284997746
2006-01-30,0.0892629112132944
2006-01-31,-0.276859570316658
2006-02-01,0.140169939580934
2006-02-02,-0.642237607797315
2006-02-03,-0.37602660307383
2006-02-06,0.0634515438792066
2006-02-07,-0.572679281653593
2006-02-08,0.623343450682061
2006-02-09,-0.0979979330088498
2006-02-10,0.188661687984272
2006-02-13,-0.225531721786111
2006-02-14,0.720236303135753
2006-02-15,0.257305165489446
2006-02-16,0.528810886710514
2006-02-17,-0.111026491865181
2006-02-21,-0.226310217382431
2006-02-22,0.541944888044366
2006-02-23,-0.262458994892602
2006-02-24,0.0984176735719763
2006-02-27,0.266754973631592
2006-02-28,-0.738853851625153
2006-03-01,0.594920105758938
2006-03-02,-0.108640358473694
2006-03-03,-0.0982915122331061
2006-03-06,-0.491663216278445
2006-03-07,-0.125486663244059
2006-03-08,0.152333555073987
2006-03-09,-0.341738783243014
2006-03-10,0.521398200171944
2006-03-13,0.158379930401095
2006-03-14,0.745914547071985
2006-03-15,0.311735173328142
2006-03-16,0.134009124778068
2006-03-17,0.112490344642935
2006-03-20,-0.111045141923471
2006-03-21,-0.42314793419856
2006-03-22,0.436079221446737
2006-03-23,-0.177030248851589
2006-03-24,0.0777272427394692
2006-03-27,-0.0658986367530648
2006-03-28,-0.453551393475119
2006-03-29,0.538841570247955
2006-03-30,-0.137243171461525
2006-03-31,-0.28844327690689
2006-04-03,0.169468043442795
2006-04-04,0.452836892326921
2006-04-05,0.314670198066663
2006-04-06,-0.129740307733016
2006-04-07,-0.734710750436548
2006-04-10,0.0692523721966824
2006-04-11,-0.547938337036295
2006-04-12,0.0935159454592878
2006-04-13,0.0629604692128731
2006-04-17,-0.202636900121253
2006-04-18,1.2164261855993
2006-04-19,0.152129667046112
2006-04-20,0.0908952824112268
2006-04-21,-0.00223943731222116
2006-04-24,-0.165234807413696
2006-04-25,-0.340934354720469
2006-04-26,0.208548085783305
2006-04-27,0.242877624858016
2006-04-28,0.056055560710026
2006-05-01,-0.288286501984219
2006-05-02,0.444890800033739
2006-05-03,-0.269687555587593
2006-05-04,0.232599027896011
2006-05-05,0.738788581276981
2006-05-08,-0.0516985236958627
2006-05-09,0.0334238846763986
2006-05-10,-0.11591838153163
2006-05-11,-0.912002264786436
2006-05-12,-0.799494314052558
2006-05-15,0.18757259087338
2006-05-16,-0.126026070933201
2006-05-17,-1.20497180680734
2006-05-18,-0.472301706725064
2006-05-19,0.302287020965389
2006-05-22,-0.272458885369765
2006-05-23,-0.303666275826504
2006-05-24,0.120528862155259
2006-05-25,0.8146934989284
2006-05-26,0.414701381269777
2006-05-30,-1.13301324454623
2006-05-31,0.584339751496853
2006-06-01,0.880189819409933
2006-06-02,0.146794488097334
2006-06-05,-1.2746196923046
2006-06-06,-0.0737346363486035
2006-06-07,-0.42871714334177
2006-06-08,0.108650495444559
2006-06-09,-0.31267341011843
2006-06-12,-0.844638468430761
2006-06-13,-0.790147090800442
2006-06-14,0.377063195087717
2006-06-15,1.5076718114126
2006-06-16,-0.255489819241185
2006-06-19,-0.646276231301552
2006-06-20,0.00698402904335563
2006-06-21,0.699609202268776
2006-06-22,-0.369715198561597
2006-06-23,-0.0555137438886774
2006-06-26,0.354346943024844
2006-06-27,-0.643910397410229
2006-06-28,0.39823799179932
2006-06-29,1.53073193444574
2006-06-30,-0.142347927309304
2006-07-03,0.56684285714782
2006-07-05,-0.511829644242927
2006-07-06,0.185405673343553
2006-07-07,-0.475957869601026
2006-07-10,0.112412329786354
2006-07-11,0.293710262416601
2006-07-12,-0.77262932416273
2006-07-13,-0.924200364778785
2006-07-14,-0.342699585656897
2006-07-17,-0.0912611407888298
2006-07-18,0.144485363533835
2006-07-19,1.32007509896035
2006-07-20,-0.600231246788815
2006-07-21,-0.499461994609614
2006-07-24,1.1846796161862
2006-07-25,0.457387109690297
2006-07-26,-0.0194514736903358
2006-07-27,-0.285718304772234
2006-07-28,0.86984593886077
2006-07-31,-0.0980505103425051
2006-08-01,-0.314143530702616
2006-08-02,0.371190446438278
2006-08-03,0.167217682484083
2006-08-04,-0.0432018455417327
2006-08-07,-0.193050198475362
2006-08-08,-0.232908004232297
2006-08-09,-0.303613634969535
2006-08-10,0.337259336947869
2006-08-11,-0.277603474379548
2006-08-14,0.090357465990465
2006-08-15,0.978722327700845
2006-08-16,0.552462801598138
2006-08-17,0.12044493476788
2006-08-18,0.272276537978421
2006-08-21,-0.25495627147304
2006-08-22,0.0790508788622718
2006-08-23,-0.313611616442351
2006-08-24,0.176864305270514
2006-08-25,-0.0458905594899984
2006-08-28,0.375389997056301
2006-08-29,0.144529985939955
2006-08-30,0.0671965771757341
2006-08-31,-0.0772599869834355
2006-09-01,0.400165900750245
2006-09-05,0.129433932658766
2006-09-06,-0.702114779400086
2006-09-07,-0.335871071522284
2006-09-08,0.277380085661371
2006-09-11,0.0416276737233231
2006-09-12,0.743184872389888
2006-09-13,0.282695259161209
2006-09-14,-0.0894578370632413
2006-09-15,0.190644397902133
2006-09-18,0.0897408434524348
2006-09-19,-0.183982459864278
2006-09-20,0.41491706052315
2006-09-21,-0.378670348298494
2006-09-22,-0.168692557080179
2006-09-25,0.634121314362828
2006-09-26,0.542712377708656
2006-09-27,0.0203798379430089
2006-09-28,0.129769528346172
2006-09-29,-0.154186277812503
2006-10-02,-0.234944099412883
2006-10-03,0.157013757793551
2006-10-04,0.863412752634469
2006-10-05,0.167061001652546
2006-10-06,-0.184202054173221
2006-10-09,0.0641380739291596
2006-10-10,0.153293512837089
2006-10-11,-0.175711763516054
2006-10-12,0.685474600091083
2006-10-13,0.153561760764361
2006-10-16,0.187166504952367
2006-10-17,-0.254169228111145
2006-10-18,0.0990910687434662
2006-10-19,0.0681673100148219
2006-10-20,0.0931586206138538
2006-10-23,0.445428147807848
2006-10-24,0.0262211827226597
2006-10-25,0.257980443095181
2006-10-26,0.360996763030025
2006-10-27,-0.598371359823309
2006-10-30,0.0381341390691284
2006-10-31,0.00807779910768088
2006-11-01,-0.519210319820924
2006-11-02,-0.0169753710993088
2006-11-03,-0.151339212003795
2006-11-06,0.813029798548475
2006-11-07,0.165710387038491
2006-11-08,0.156088042666725
2006-11-09,-0.374182528381676
2006-11-10,0.140548778457795
2006-11-13,0.18930706929294
2006-11-14,0.459914075913502
2006-11-15,0.179012322638016
2006-11-16,0.170441694920428
2006-11-17,0.0809648038692039
2006-11-20,-0.0281139077340474
2006-11-21,0.125215023800342
2006-11-22,0.174287643431768
2006-11-24,-0.253888483333111
2006-11-27,-0.966763785632816
2006-11-28,0.25303355693275
2006-11-29,0.661460774253062
2006-11-30,0.0661996252245204
2006-12-01,-0.19252400496918
2006-12-04,0.639075014941328
2006-12-05,0.292729855813823
2006-12-06,-0.0863599446181581
2006-12-07,-0.276464726352193
2006-12-08,0.13680181057902
2006-12-11,0.169415541445467
2006-12-12,-0.0672530159088716
2006-12-13,0.0909607531119824
2006-12-14,0.625223581418726
2006-12-15,0.0876450040316648
2006-12-18,-0.223429991866885
2006-12-19,0.16146891194776
2006-12-20,-0.0936722075777929
2006-12-21,-0.255209651958596
2006-12-22,-0.372980762714762
2006-12-26,0.317595963508757
2006-12-27,0.506638238450613
2006-12-28,-0.0980902072610629
2006-12-29,-0.315364726351749
2007-01-03,-0.0780616066226396
2007-01-04,0.0951943918691374
2007-01-05,-0.42814845287105
2007-01-08,0.165893451533512
2007-01-09,-0.0293365916348654
2007-01-10,0.145948730282269
2007-01-11,0.458739460025426
2007-01-12,0.3531900490325
2007-01-16,0.0659164776933953
2007-01-17,-0.0562860640402583
2007-01-18,-0.204838658061228
2007-01-19,0.213969591387295
2007-01-22,-0.3702284437195
2007-01-23,0.25997375904645
2007-01-24,0.611918138673476
2007-01-25,-0.801566441356339
2007-01-26,-0.0787286208841949
2007-01-29,-0.0707920960550835
2007-01-30,0.418450259523327
2007-01-31,0.476682253135426
2007-02-01,0.388748405903016
2007-02-02,0.128421420790977
2007-02-05,-0.0614790817993916
2007-02-06,0.057372959518444
2007-02-07,0.107082066338578
2007-02-08,-0.0766804148217207
2007-02-09,-0.499482744204213
2007-02-12,-0.225649468583132
2007-02-13,0.547897846551299
2007-02-14,0.551197567597841
2007-02-15,0.0815951711371192
2007-02-16,-0.0547034088480165
2007-02-20,0.210327938331906
2007-02-21,-0.0927728786653989
2007-02-22,-0.0536879769596522
2007-02-23,-0.247304165233623
2007-02-26,-0.0820304395882803
2007-02-27,-2.51557396992018
2007-02-28,0.403459553145994
2007-03-01,-0.177904016780569
2007-03-02,-0.811165662906957
2007-03-05,-0.667236070083927
2007-03-06,1.10517150726811
2007-03-07,-0.16865133740565
2007-03-08,0.51452646056337
2007-03-09,0.0559215827142697
2007-03-12,0.198650145355335
2007-03-13,-1.46155450655749
2007-03-14,0.483649827156849
2007-03-15,0.27006202405188
2007-03-16,-0.266265792789905
2007-03-19,0.781111266500558
2007-03-20,0.458288495593876
2007-03-21,1.21667079875079
2007-03-22,-0.0173186904541095
2007-03-23,0.0856487400910109
2007-03-26,0.076624640531544
2007-03-27,-0.43531505546057
2007-03-28,-0.563399038285315
2007-03-29,0.274040157591046
2007-03-30,-0.0762994991973454
2007-04-02,0.192721922973444
2007-04-03,0.667017464696542
2007-04-04,0.086961375342529
2007-04-05,0.224965567178583
2007-04-09,0.0495778330224552
2007-04-10,0.194117857228229
2007-04-11,-0.463225990817473
2007-04-12,0.449258616474595
2007-04-13,0.256140234391376
2007-04-16,0.764196275431544
2007-04-17,0.160549362878251
2007-04-18,0.0570290234630666
2007-04-19,-0.0783060047461294
2007-04-20,0.665644058146886
2007-04-23,-0.157116643222791
2007-04-24,-0.0175121097158642
2007-04-25,0.72774936641722
2007-04-26,-0.0483173215987063
2007-04-27,-0.00104064700873778
2007-04-30,-0.553697070165669
2007-05-01,0.196576980420141
2007-05-02,0.468142301364596
2007-05-03,0.315664915822867
2007-05-04,0.16087801726078
2007-05-07,0.190351391298171
2007-05-08,-0.0757276874615132
2007-05-09,0.237310583893762
2007-05-10,-0.995805079225024
2007-05-11,0.692574152825031
2007-05-14,-0.120558938981939
2007-05-15,-0.085589188055034
2007-05-16,0.620768273238808
2007-05-17,-0.0580078282506988
2007-05-18,0.47793224239903
2007-05-21,0.117648969685999
2007-05-22,-0.0383292317246986
2007-05-23,-0.07867887481972
2007-05-24,-0.688492858926512
2007-05-25,0.395773430178846
2007-05-29,0.119569237703486
2007-05-30,0.575250860076398
2007-05-31,0.0257522348894008
2007-06-01,0.273852270335195
2007-06-04,0.139406786968868
2007-06-05,-0.375189891719252
2007-06-06,-0.62805123886807
2007-06-07,-1.25790452986572
2007-06-08,0.814714504023585
2007-06-11,0.0761864749789028
2007-06-12,-0.759116162196963
2007-06-13,1.08341982506348
2007-06-14,0.350576249441859
2007-06-15,0.471991820540345
2007-06-18,-0.0791166327049218
2007-06-19,0.131018360233365
2007-06-20,-0.970093516379084
2007-06-21,0.447425933986751
2007-06-22,-0.919072821242252
2007-06-25,-0.221819141534697
2007-06-26,-0.223993111731923
2007-06-27,0.647863460204232
2007-06-28,-0.0223043696526151
2007-06-29,-0.104423240544203
2007-07-02,0.767105958773593
2007-07-03,0.262702045416136
2007-07-05,0.0323686416469583
2007-07-06,0.243048875011245
2007-07-09,0.0733017832413035
2007-07-10,-1.01239953295784
2007-07-11,0.414849450738492
2007-07-12,1.35510925482845
2007-07-13,0.228625979383463
2007-07-16,-0.12960502207238
2007-07-17,0.000648465079448831
2007-07-18,-0.140039613229564
2007-07-19,0.325900853765646
2007-07-20,-0.870270170329867
2007-07-23,0.354338347063901
2007-07-24,-1.42048101385645
2007-07-25,0.339869093459137
2007-07-26,-1.67834160539232
2007-07-27,-1.14331089215122
2007-07-30,0.735866987652663
2007-07-31,-0.901047841014232
2007-08-01,0.522752366792235
2007-08-02,0.318100667820242
2007-08-03,-1.91611981483084
2007-08-06,1.71122991338802
2007-08-07,0.445935492929471
2007-08-08,1.00515195447359
2007-08-09,-2.14115614548993
2007-08-10,0.0345761727439813
2007-08-13,-0.027809385125043
2007-08-14,-1.30055708727371
2007-08-15,-0.992293011958696
2007-08-16,0.239112930765518
2007-08-17,1.74018090066604
2007-08-20,-0.0116984035204167
2007-08-21,0.0850542993227848
2007-08-22,0.838892062478668
2007-08-23,-0.0690372361953908
2007-08-24,0.826339261988779
2007-08-27,-0.602114164750837
2007-08-28,-1.68817294947301
2007-08-29,1.55566586818249
2007-08-30,-0.291550799572951
2007-08-31,0.803872561982944
2007-09-04,0.751004514718251
2007-09-05,-0.81826962553938
2007-09-06,0.310460173162006
2007-09-07,-1.2098657660714
2007-09-10,-0.0833601894859736
2007-09-11,0.974202482968338
2007-09-12,0.0109557272857284
2007-09-13,0.606125701789354
2007-09-14,0.0219907774214944
2007-09-17,-0.358929711816776
2007-09-18,2.06286311766966
2007-09-19,0.440754598457466
2007-09-20,-0.474035082354363
2007-09-21,0.335846526503994
2007-09-24,-0.368689467235024
2007-09-25,-0.016904095944752
2007-09-26,0.392830146886647
2007-09-27,0.285947638142325
2007-09-28,-0.208610589768339
2007-10-01,0.950067144938587
2007-10-02,-0.0113628854383135
2007-10-03,-0.31813984876058
2007-10-04,0.158102825928025
2007-10-05,0.68683213986576
2007-10-08,-0.222438585557111
2007-10-09,0.583224609360673
2007-10-10,-0.114786797779137
2007-10-11,-0.361661435489423
2007-10-12,0.346161423517529
2007-10-15,-0.593311287385339
2007-10-16,-0.463254535601513
2007-10-17,0.133197912801541
2007-10-18,-0.0461919530811782
2007-10-19,-1.84497777144377
2007-10-22,0.278216133058563
2007-10-23,0.633250098024516
2007-10-24,-0.166949691965457
2007-10-25,-0.0621751081986977
2007-10-26,0.985142691001122
2007-10-29,0.272118945513338
2007-10-30,-0.455364916063478
2007-10-31,0.858582769016288
2007-11-01,-1.90419646935101
2007-11-02,0.0648028920165095
2007-11-05,-0.347044686682869
2007-11-06,0.862619927959542
2007-11-07,-2.12057143445165
2007-11-08,-0.0335751696801684
2007-11-09,-1.01975115525129
2007-11-12,-0.709095854131185
2007-11-13,2.05488235861014
2007-11-14,-0.498914367755997
2007-11-15,-0.941972615790661
2007-11-16,0.379982977145979
2007-11-19,-1.24994903484149
2007-11-20,0.327118834217368
2007-11-21,-1.13862430374783
2007-11-23,1.20331358314062
2007-11-26,-1.6710444746238
2007-11-27,1.06555231247318
2007-11-28,2.01788833275605
2007-11-29,0.0415697699840177
2007-11-30,0.560133507215791
2007-12-03,-0.413983972868108
2007-12-04,-0.460886039366158
2007-12-05,1.08383876656318
2007-12-06,1.07306354960955
2007-12-07,-0.119483248486736
2007-12-10,0.54169957943729
2007-12-11,-1.81974624812548
2007-12-12,0.438181587861294
2007-12-13,0.0949081303250095
2007-12-14,-0.980597119967371
2007-12-17,-1.07292922422447
2007-12-18,0.454477993114379
2007-12-19,-0.0896578034906838
2007-12-20,0.356533732799351
2007-12-21,1.1878198265145
2007-12-24,0.581865615167745
2007-12-26,0.0652613560897326
2007-12-27,-1.01941124943855
2007-12-28,0.11483542959244
2007-12-31,-0.483261996588326
2008-01-02,-1.03068116161305
2008-01-03,0.0075597011263592
2008-01-04,-1.76706263281919
2008-01-07,0.237297350317354
2008-01-08,-1.31478413220787
2008-01-09,0.973620995095598
2008-01-10,0.572740448697604
2008-01-11,-0.969683633621024
2008-01-14,0.779433484964777
2008-01-15,-1.79439915149437
2008-01-16,-0.394218052660082
2008-01-17,-2.10018957240174
2008-01-18,-0.425332873953387
2008-01-22,-0.788237836971597
2008-01-23,1.52214899903823
2008-01-24,0.722354550796409
2008-01-25,-1.13463656835191
2008-01-28,1.24948001768262
2008-01-29,0.445955823847244
2008-01-30,-0.333357662312995
2008-01-31,1.19500990923586
2008-02-01,0.875898695320626
2008-02-04,-0.743320199748457
2008-02-05,-2.31395504632196
2008-02-06,-0.538777894492937
2008-02-07,0.568316659986697
2008-02-08,-0.293178920766231
2008-02-11,0.426747241762207
2008-02-12,0.524401602763999
2008-02-13,0.972215424044855
2008-02-14,-0.957096021792136
2008-02-15,0.0673416885266621
2008-02-19,-0.0564565374985253
2008-02-20,0.600549336657061
2008-02-21,-0.917009455745111
2008-02-22,0.56795777368406
2008-02-25,0.986902144360997
2008-02-26,0.499733115596132
2008-02-27,-0.0581091189719533
2008-02-28,-0.633678508832283
2008-02-29,-1.95306419830115
2008-03-03,0.0456422343450499
2008-03-04,-0.238995440067523
2008-03-05,0.380553248292344
2008-03-06,-1.58158423284811
2008-03-07,-0.595401226392363
2008-03-10,-1.10501078233171
2008-03-11,2.6102522798837
2008-03-12,-0.637544783668472
2008-03-13,0.372640412456573
2008-03-14,-1.49180575865459
2008-03-17,-0.634885399969169
2008-03-18,2.97275730328131
2008-03-19,-1.74772206223854
2008-03-20,1.69682483950514
2008-03-24,1.09307035790548
2008-03-25,0.1718477795841
2008-03-26,-0.620992260139583
2008-03-27,-0.815334876042619
2008-03-28,-0.562274394804854
2008-03-31,0.412426131451864
2008-04-01,2.52529081411422
2008-04-02,-0.130647029817658
2008-04-03,0.100422395894003
2008-04-04,0.0643654844914637
2008-04-07,0.118955338042948
2008-04-08,-0.35746603081681
2008-04-09,-0.572485182585803
2008-04-10,0.326249190502262
2008-04-11,-1.46198079019512
2008-04-14,-0.234419606652434
2008-04-15,0.335188603172847
2008-04-16,1.60940033720856
2008-04-17,0.0520109502856558
2008-04-18,1.29091364663282
2008-04-21,-0.103438020602828
2008-04-22,-0.624189347028063
2008-04-23,0.214280940114483
2008-04-24,0.466007758885764
2008-04-25,0.469722194794613
2008-04-28,-0.0675556945950829
2008-04-29,-0.270594570228183
2008-04-30,-0.267560560928366
2008-05-01,1.2208752395621
2008-05-02,0.238174965140773
2008-05-05,-0.316829420195031
2008-05-06,0.55175488916392
2008-05-07,-1.29744550596921
2008-05-08,0.269045974795004
2008-05-09,-0.47419421346617
2008-05-12,0.79003884261319
2008-05-13,-0.0199116978786515
2008-05-14,0.292949562384343
2008-05-15,0.759223724266786
2008-05-16,0.0967690628436856
2008-05-19,0.0716414197200245
2008-05-20,-0.657576652708107
2008-05-21,-1.14780622650478
2008-05-22,0.194170899744203
2008-05-23,-0.941826656715336
2008-05-27,0.494653687205632
2008-05-28,0.289913966217008
2008-05-29,0.387409124509492
2008-05-30,0.115717921854652
2008-06-02,-0.746313715721224
2008-06-03,-0.406835802696043
2008-06-04,-0.015763340542541
2008-06-05,1.38600133347877
2008-06-06,-2.23241416622891
2008-06-09,0.0642013762183171
2008-06-10,-0.166704464152194
2008-06-11,-1.20884339607339
2008-06-12,0.241315770676906
2008-06-13,1.07371764653754
2008-06-16,0.0133335746453771
2008-06-17,-0.47749553484577
2008-06-18,-0.689161620144702
2008-06-19,0.27494428135424
2008-06-20,-1.32865716676166
2008-06-23,0.0113514083374063
2008-06-24,-0.193678807714673
2008-06-25,0.423513251710615
2008-06-26,-2.12023916815716
2008-06-27,-0.258322987501642
2008-06-30,0.0979705711639665
2008-07-01,0.28088543266617
2008-07-02,-1.30397963751933
2008-07-03,0.0856124395727376
2008-07-07,-0.593606980421982
2008-07-08,1.21664440540301
2008-07-09,-1.63724591561204
2008-07-10,0.504821725212472
2008-07-11,-0.788578668464991
2008-07-14,-0.639874280498175
2008-07-15,-0.77495905376573
2008-07-16,1.77480701495954
2008-07-17,0.86003494279848
2008-07-18,0.0279489057933087
2008-07-21,-0.0309581309079017
2008-07-22,0.964325366301615
2008-07-23,0.297118022615928
2008-07-24,-1.66269779508793
2008-07-25,0.304463756894911
2008-07-28,-1.33255789148259
2008-07-29,1.65578619574459
2008-07-30,1.18796599047668
2008-07-31,-0.93700128453146
2008-08-01,-0.391802873355871
2008-08-04,-0.635418069337874
2008-08-05,2.0289178009658
2008-08-06,0.246631280300894
2008-08-07,-1.28435908141854
2008-08-08,1.69322346944761
2008-08-11,0.501492274996533
2008-08-12,-0.857970785947442
2008-08-13,-0.200894531011695
2008-08-14,0.400674278304181
2008-08-15,0.2979570443276
2008-08-18,-1.07850165891136
2008-08-19,-0.660550783588145
2008-08-20,0.448619720044748
2008-08-21,0.18545851723239
2008-08-22,0.812056241463351
2008-08-25,-1.40744218827601
2008-08-26,0.270245438568588
2008-08-27,0.575181707784132
2008-08-28,1.05922022234011
2008-08-29,-0.978959656896011
2008-09-02,-0.285206558775726
2008-09-03,-0.137875041315921
2008-09-04,-2.16120173683094
2008-09-05,0.323169763109602
2008-09-08,1.45697868381021
2008-09-09,-2.47215218020437
2008-09-10,0.445224235621577
2008-09-11,0.986461726511256
2008-09-12,0.158862299478287
2008-09-15,-3.43938822958514
2008-09-16,1.2477206834558
2008-09-17,-3.43975108675117
2008-09-18,3.0365751755914
2008-09-19,2.82515997550194
2008-09-22,-2.77572957670745
2008-09-23,-1.11727779344134
2008-09-24,-0.13377260736867
2008-09-25,1.39723081295472
2008-09-26,0.248627679643957
2008-09-29,-6.57390622935796
2008-09-30,3.77399651596777
2008-10-01,-0.317581859256454
2008-10-02,-2.92837063062211
2008-10-03,-0.963246029502652
2008-10-06,-2.79661060371933
2008-10-07,-4.21217469699018
2008-10-08,-0.806108844236185
2008-10-09,-5.64828698162254
2008-10-10,-0.836916263037892
2008-10-13,7.82996041107732
2008-10-14,-0.373407598358014
2008-10-15,-6.75277726273846
2008-10-16,2.97946622646366
2008-10-17,-0.437360435512631
2008-10-20,3.33313350212557
2008-10-21,-2.22581855634699
2008-10-22,-4.48669753136534
2008-10-23,0.903864048860044
2008-10-24,-2.49973413984472
2008-10-27,-2.29690867443965
2008-10-28,7.32204307571377
2008-10-29,-0.787796933688566
2008-10-30,1.82635142269829
2008-10-31,1.09616354791345
2008-11-03,-0.173217955497118
2008-11-04,2.86421379163191
2008-11-05,-3.85575900520774
2008-11-06,-3.67413532848115
2008-11-07,2.03834896183128
2008-11-10,-0.901522405319709
2008-11-11,-1.5835346934256
2008-11-12,-3.79675891314606
2008-11-13,4.78519990576134
2008-11-14,-3.03321227236701
2008-11-17,-1.85925815985147
2008-11-18,0.706494174495291
2008-11-19,-4.49757728581725
2008-11-20,-4.95278507833724
2008-11-21,4.38579607880666
2008-11-24,4.48476495914224
2008-11-25,0.473696602651334
2008-11-26,2.48612673359841
2008-11-28,0.692688701200943
2008-12-01,-6.6700652445448
2008-12-02,2.80347672039535
2008-12-03,1.8285934635679
2008-12-04,-2.11605713411983
2008-12-05,2.56684238225644
2008-12-08,2.69676105299671
2008-12-09,-1.66218720828478
2008-12-10,0.851681315592451
2008-12-11,-2.05839698215676
2008-12-12,0.507570733664799
2008-12-15,-0.903873328820669
2008-12-16,3.58314262962153
2008-12-17,-0.680585019029016
2008-12-18,-1.5194749098039
2008-12-19,0.216920979205687
2008-12-22,-1.3111360331426
2008-12-23,-0.689565172148438
2008-12-24,0.419085946627364
2008-12-26,0.388922489715827
2008-12-29,-0.26944355712444
2008-12-30,1.72906981175167
2008-12-31,1.01124383363809
2009-01-02,2.22914955211029
2009-01-05,-0.326499075659292
2009-01-06,0.563459051971875
2009-01-07,-2.16764805772614
2009-01-08,0.249670995071107
2009-01-09,-1.52970754519189
2009-01-12,-1.62175977994897
2009-01-13,0.132960861132073
2009-01-14,-2.42203750423207
2009-01-15,0.102388100813227
2009-01-16,0.545353570806161
2009-01-20,-3.8662323216354
2009-01-21,3.04679990048836
2009-01-22,-1.08317758159602
2009-01-23,0.390443956326676
2009-01-26,0.402910204409743
2009-01-27,0.783311541474499
2009-01-28,2.36393520799107
2009-01-29,-2.39694852718517
2009-01-30,-1.63819269008624
2009-02-02,-0.0304848157286461
2009-02-03,1.12909997835269
2009-02-04,-0.529130228094557
2009-02-05,1.16645609206013
2009-02-06,1.90231310826336
2009-02-09,0.113506592976191
2009-02-10,-3.58828300042998
2009-02-11,0.573219491095721
2009-02-12,0.131610800477856
2009-02-13,-0.709775095359489
2009-02-17,-3.32134133511666
2009-02-18,-0.0603196650910915
2009-02-19,-0.856046001708589
2009-02-20,-0.811901776851993
2009-02-23,-2.51362245258813
2009-02-24,2.8146393081212
2009-02-25,-0.757392614762555
2009-02-26,-1.12795440750993
2009-02-27,-1.69485452984827
2009-03-02,-3.40075737794698
2009-03-03,-0.451295256487505
2009-03-04,1.68348031225727
2009-03-05,-3.09530787173561
2009-03-06,0.0943198581910463
2009-03-09,-0.711648621724571
2009-03-10,4.41369134540834
2009-03-11,0.181953719911542
2009-03-12,2.85754604032382
2009-03-13,0.557926329857404
2009-03-16,-0.243888906245899
2009-03-17,2.26594821728397
2009-03-18,1.4813042137286
2009-03-19,-0.925095568900233
2009-03-20,-1.41792567772762
2009-03-23,4.88827205668842
2009-03-24,-1.46496828609861
2009-03-25,0.691503877078213
2009-03-26,1.6532989734
2009-03-27,-1.45771230636502
2009-03-30,-2.52247497186635
2009-03-31,0.938792942357936
2009-04-01,1.17986480453861
2009-04-02,2.02949962837719
2009-04-03,0.69895761697919
2009-04-06,-0.589782905938014
2009-04-07,-1.71607034909512
2009-04-08,0.843869444240286
2009-04-09,2.6737863309636
2009-04-13,0.188191013424995
2009-04-14,-1.43942219451022
2009-04-15,0.897866287972258
2009-04-16,1.10835324470851
2009-04-17,0.361447447528925
2009-04-20,-3.11450933138543
2009-04-21,1.50885849509385
2009-04-22,-0.542953100756963
2009-04-23,0.7124304749041
2009-04-24,1.19677154781902
2009-04-27,-0.714742697826549
2009-04-28,-0.18835411838504
2009-04-29,1.53387544062495
2009-04-30,-0.0602969770927365
2009-05-01,0.391773223872051
2009-05-04,2.38538397063265
2009-05-05,-0.263647707833944
2009-05-06,1.23937288211211
2009-05-07,-0.941243576558426
2009-05-08,1.70550785010043
2009-05-11,-1.54498455833142
2009-05-12,-0.0623543944686226
2009-05-13,-1.93877514461603
2009-05-14,0.74276829663744
2009-05-15,-0.81169481257772
2009-05-18,2.14474788022629
2009-05-19,-0.116540409359162
2009-05-20,-0.35971853146446
2009-05-21,-1.19891246262462
2009-05-22,-0.0994056836013054
2009-05-26,1.86101423019398
2009-05-27,-1.35981198966757
2009-05-28,1.09992294065921
2009-05-29,0.970150313413031
2009-06-01,1.82730191730632
2009-06-02,0.149008774406307
2009-06-03,-0.980091685220332
2009-06-04,0.822711620385282
2009-06-05,-0.172191865009234
2009-06-08,-0.0646198758885624
2009-06-09,0.257218333917268
2009-06-10,-0.241338766469686
2009-06-11,0.442564195852341
2009-06-12,0.107221824159192
2009-06-15,-1.70977788664966
2009-06-16,-0.906374822715476
2009-06-17,-0.0911434035402223
2009-06-18,0.605515710599451
2009-06-19,0.229539579667777
2009-06-22,-2.21114108722303
2009-06-23,0.172048572791671
2009-06-24,0.471827968007845
2009-06-25,1.52229379283428
2009-06-26,-0.0980223517606788
2009-06-29,0.651812473839919
2009-06-30,-0.604070181094117
2009-07-01,0.318282295242841
2009-07-02,-2.10400433628042
2009-07-06,0.190496205780235
2009-07-07,-1.41167349665996
2009-07-08,-0.111655004903536
2009-07-09,0.260350126267411
2009-07-10,-0.280140719878572
2009-07-13,1.76576348399119
2009-07-14,0.38606803292706
2009-07-15,2.09212563201319
2009-07-16,0.621849348737161
2009-07-17,-0.0197650762634791
2009-07-20,0.819034666097074
2009-07-21,0.266043533420804
2009-07-22,-0.0305920535723604
2009-07-23,1.65115751295509
2009-07-24,0.224409231504133
2009-07-27,0.2201183456231
2009-07-28,-0.178758854546838
2009-07-29,-0.318940341386514
2009-07-30,0.851781982656878
2009-07-31,0.0603550616801514
2009-08-03,1.09452221757006
2009-08-04,0.222270374702839
2009-08-05,-0.200742965786644
2009-08-06,-0.395124247637721
2009-08-07,0.960604556897329
2009-08-10,-0.231637982532936
2009-08-11,-0.902022475906542
2009-08-12,0.825638729273759
2009-08-13,0.497046589636223
2009-08-14,-0.604114110891904
2009-08-17,-1.74578569094416
2009-08-18,0.728213642097121
2009-08-19,0.495688489916924
2009-08-20,0.784949424066005
2009-08-21,1.32482000955414
2009-08-24,-0.0314115911080306
2009-08-25,0.176513356515028
2009-08-26,0.0158927401634116
2009-08-27,0.205876498833953
2009-08-28,-0.134534510176688
2009-08-31,-0.571356246330977
2009-09-01,-1.58960425644991
2009-09-02,-0.228165157867093
2009-09-03,0.614278737069443
2009-09-04,0.937936131400636
2009-09-08,0.636228711955537
2009-09-09,0.56099897131894
2009-09-10,0.747756322198119
2009-09-11,-0.088910772380738
2009-09-14,0.458685142681748
2009-09-15,0.231040577907971
2009-09-16,1.09321722611787
2009-09-17,-0.211203076870675
2009-09-18,0.19558899832817
2009-09-21,-0.236103374331035
2009-09-22,0.475406772539743
2009-09-23,-0.714878377072128
2009-09-24,-0.674689698317075
2009-09-25,-0.42858917525347
2009-09-28,1.26780799149609
2009-09-29,-0.151788983199755
2009-09-30,-0.230443801838635
2009-10-01,-1.85553544367934
2009-10-02,-0.314817885444697
2009-10-05,1.06167330702732
2009-10-06,0.979356622962257
2009-10-07,0.200881722192895
2009-10-08,0.538856812960997
2009-10-09,0.409117272545667
2009-10-12,0.320023426011355
2009-10-13,-0.19172729479287
2009-10-14,1.24930313498793
2009-10-15,0.303745803641833
2009-10-16,-0.57291811843784
2009-10-19,0.675873976247517
2009-10-20,-0.43925021905743
2009-10-21,-0.627330796703874
2009-10-22,0.763397391307144
2009-10-23,-0.867207180409013
2009-10-26,-0.833884208723725
2009-10-27,-0.229698530943712
2009-10-28,-1.40128670740185
2009-10-29,1.59743708902793
2009-10-30,-2.02464218908898
2009-11-02,0.467000049091967
2009-11-03,0.180541556967248
2009-11-04,0.081956486177507
2009-11-05,1.36775517083638
2009-11-06,0.186041978699623
2009-11-09,1.57780669283782
2009-11-10,0.00298775999408809
2009-11-11,0.365894338639696
2009-11-12,-0.728643844963744
2009-11-13,0.41612031337942
2009-11-16,1.03300724388166
2009-11-17,0.0731730493558299
2009-11-18,-0.0258827060021936
2009-11-19,-0.957410730036843
2009-11-20,-0.222323843052256
2009-11-23,0.97304009084233
2009-11-24,-0.0305257517401345
2009-11-25,0.32839051547889
2009-11-27,-1.23347097316548
2009-11-30,0.27783034429487
2009-12-01,0.86445458998551
2009-12-02,0.0320206390977732
2009-12-03,-0.594808371894927
2009-12-04,0.399805700974409
2009-12-07,-0.168878476464067
2009-12-08,-0.728079661429498
2009-12-09,0.269251433939712
2009-12-10,0.423245194183924
2009-12-11,0.27001093643082
2009-12-14,0.502677346195081
2009-12-15,-0.389548036691621
2009-12-16,0.0880592498104399
2009-12-17,-0.840618743718549
2009-12-18,0.422548487388766
2009-12-21,0.753512733342662
2009-12-22,0.261512954918387
2009-12-23,0.171477269144576
2009-12-24,0.381817031240315
2009-12-28,0.0898995419023774
2009-12-29,-0.0925273116189238
2009-12-30,0.021504279059157
2009-12-31,-0.713511462537367
